use bootcamp_coders_development;

INSERT INTO regions(id, nombre)
VALUES
(1,'Arica-Parinacota'),
(2,'Tarapacá'),
(3,'Antofagasta'),
(4,'Atacama'),
(5,'Coquimbo'),
(6,'Valparaíso'),
(7,'Metropolitana'),
(8,'O Higgins'),
(9,'Maule'),
(10,'Ñuble'),
(11,'Bío Bío'),
(12,'Araucanía'),
(13,'Los Ríos'),
(14,'Los Lagos'),
(15,'Aysén'),
(16,'Magallanes y Antártica Chilena');


INSERT INTO comunas(id, nombre, region_id)
VALUES
(1, 'Arica', 1),
(2, 'Camarones', 1),
(3, 'Putre', 1),
(4, 'General Lagos', 1),
(5, 'Iquique', 2),
(6, 'Alto Hospicio', 2),
(7, 'Pozo Almonte', 2),
(8, 'Camiña', 2),
(9, 'Colchane', 2),
(10, 'Huara', 2),
(11, 'Pica', 2),
(12, 'Antofagasta', 3),
(13, 'Mejillones', 3),
(14, 'Sierra Gorda', 3),
(15, 'Taltal', 3),
(16, 'Calama', 3),
(17, 'Ollagüe', 3),
(18, 'San Pedro de Atacama', 3),
(19, 'Tocopilla', 3),
(20, 'María Elena', 3),
(21, 'Copiapó', 4),
(22, 'Caldera', 4),
(23, 'Tierra Amarilla', 4),
(24, 'Chañaral', 4),
(25, 'Diego de Almagro', 4),
(26, 'Vallenar', 4),
(27, 'Alto del Carmen', 4),
(28, 'Freirina', 4),
(29, 'Huasco', 4),
(30, 'La Serena', 5),
(31, 'Coquimbo', 5),
(32, 'Andacollo', 5),
(33, 'La Higuera', 5),
(34, 'Paiguano', 5),
(35, 'Vicuña', 5),
(36, 'Illapel', 5),
(37, 'Canela', 5),
(38, 'Los Vilos', 5),
(39, 'Salamanca', 5),
(40, 'Ovalle', 5),
(41, 'Combarbalá', 5),
(42, 'Monte Patria', 5),
(43, 'Punitaqui', 5),
(44, 'Río Hurtado', 5),
(45, 'Valparaíso', 6),
(46, 'Casablanca', 6),
(47, 'Concón', 6),
(48, 'Juan Fernández', 6),
(49, 'Puchuncaví', 6),
(50, 'Quintero', 6),
(51, 'Viña del Mar', 6),
(52, 'Isla de Pascua', 6),
(53, 'Los Andes', 6),
(54, 'Calle Larga', 6),
(55, 'Rinconada', 6),
(56, 'San Esteban', 6),
(57, 'La Ligua', 6),
(58, 'Cabildo', 6),
(59, 'Papudo', 6),
(60, 'Petorca', 6),
(61, 'Zapallar', 6),
(62, 'Quillota', 6),
(63, 'Calera', 6),
(64, 'Hijuelas', 6),
(65, 'La Cruz', 6),
(66, 'Nogales', 6),
(67, 'San Antonio', 6),
(68, 'Algarrobo', 6),
(69, 'Cartagena', 6),
(70, 'El Quisco', 6),
(71, 'El Tabo', 6),
(72, 'Santo Domingo', 6),
(73, 'San Felipe', 6),
(74, 'Catemu', 6),
(75, 'Llaillay', 6),
(76, 'Panquehue', 6),
(77, 'Putaendo', 6),
(78, 'Santa María', 6),
(79, 'Quilpué', 6),
(80, 'Limache', 6),
(81, 'Olmué', 6),
(82, 'Villa Alemana', 6),
(83, 'Rancagua', 8),
(84, 'Codegua', 8),
(85, 'Coinco', 8),
(86, 'Coltauco', 8),
(87, 'Doñihue', 8),
(88, 'Graneros', 8),
(89, 'Las Cabras', 8),
(90, 'Machalí', 8),
(91, 'Malloa', 8),
(92, 'Mostazal', 8),
(93, 'Olivar', 8),
(94, 'Peumo', 8),
(95, 'Pichidegua', 8),
(96, 'Quinta de Tilcoco', 8),
(97, 'Rengo', 8),
(98, 'Requínoa', 8),
(99, 'San Vicente', 8),
(100, 'Pichilemu', 8),
(101, 'La Estrella', 8),
(102, 'Litueche', 8),
(103, 'Marchihue', 8),
(104, 'Navidad', 8),
(105, 'Paredones', 8),
(106, 'San Fernando', 8),
(107, 'Chépica', 8),
(108, 'Chimbarongo', 8),
(109, 'Lolol', 8),
(110, 'Nancagua', 8),
(111, 'Palmilla', 8),
(112, 'Peralillo', 8),
(113, 'Placilla', 8),
(114, 'Pumanque', 8),
(115, 'Santa Cruz', 8),
(116, 'Talca', 9),
(117, 'Constitución', 9),
(118, 'Curepto', 9),
(119, 'Empedrado', 9),
(120, 'Maule', 9),
(121, 'Pelarco', 9),
(122, 'Pencahue', 9),
(123, 'Río Claro', 9),
(124, 'San Clemente', 9),
(125, 'San Rafael', 9),
(126, 'Cauquenes', 9),
(127, 'Chanco', 9),
(128, 'Pelluhue', 9),
(129, 'Curicó', 9),
(130, 'Hualañé', 9),
(131, 'Licantén', 9),
(132, 'Molina', 9),
(133, 'Rauco', 9),
(134, 'Romeral', 9),
(135, 'Sagrada Familia', 9),
(136, 'Teno', 9),
(137, 'Vichuquén', 9),
(138, 'Linares', 9),
(139, 'Colbún', 9),
(140, 'Longaví', 9),
(141, 'Parral', 9),
(142, 'Retiro', 9),
(143, 'San Javier', 9),
(144, 'Villa Alegre', 9),
(145, 'Yerbas Buenas', 9),
(146, 'Cobquecura', 10),
(147, 'Coelemu', 10),
(148, 'Ninhue', 10),
(149, 'Portezuelo', 10),
(150, 'Quirihue', 10),
(151, 'Ránquil', 10),
(152, 'Treguaco', 10),
(153, 'Bulnes', 10),
(154, 'Chillán Viejo', 10),
(155, 'Chillán', 10),
(156, 'El Carmen', 10),
(157, 'Pemuco', 10),
(158, 'Pinto', 10),
(159, 'Quillón', 10),
(160, 'San Ignacio', 10),
(161, 'Yungay', 10),
(162, 'Coihueco', 10),
(163, 'Ñiquén', 10),
(164, 'San Carlos', 10),
(165, 'San Fabián', 10),
(166, 'San Nicolás', 10),
(167, 'Concepción', 11),
(168, 'Coronel', 11),
(169, 'Chiguayante', 11),
(170, 'Florida', 11),
(171, 'Hualqui', 11),
(172, 'Lota', 11),
(173, 'Penco', 11),
(174, 'San Pedro de la Paz', 11),
(175, 'Santa Juana', 11),
(176, 'Talcahuano', 11),
(177, 'Tomé', 11),
(178, 'Hualpén', 11),
(179, 'Lebu', 11),
(180, 'Arauco', 11),
(181, 'Cañete', 11),
(182, 'Contulmo', 11),
(183, 'Curanilahue', 11),
(184, 'Los Álamos', 11),
(185, 'Tirúa', 11),
(186, 'Los Ángeles', 11),
(187, 'Antuco', 11),
(188, 'Cabrero', 11),
(189, 'Laja', 11),
(190, 'Mulchén', 11),
(191, 'Nacimiento', 11),
(192, 'Negrete', 11),
(193, 'Quilaco', 11),
(194, 'Quilleco', 11),
(195, 'San Rosendo', 11),
(196, 'Santa Bárbara', 11),
(197, 'Tucapel', 11),
(198, 'Yumbel', 11),
(199, 'Alto Biobío', 11),
(200, 'Temuco', 12),
(201, 'Carahue', 12),
(202, 'Cunco', 12),
(203, 'Curarrehue', 12),
(204, 'Freire', 12),
(205, 'Galvarino', 12),
(206, 'Gorbea', 12),
(207, 'Lautaro', 12),
(208, 'Loncoche', 12),
(209, 'Melipeuco', 12),
(210, 'Nueva Imperial', 12),
(211, 'Padre las Casas', 12),
(212, 'Perquenco', 12),
(213, 'Pitrufquén', 12),
(214, 'Pucón', 12),
(215, 'Saavedra', 12),
(216, 'Teodoro Schmidt', 12),
(217, 'Toltén', 12),
(218, 'Vilcún', 12),
(219, 'Villarrica', 12),
(220, 'Cholchol', 12),
(221, 'Angol', 12),
(222, 'Collipulli', 12),
(223, 'Curacautín', 12),
(224, 'Ercilla', 12),
(225, 'Lonquimay', 12),
(226, 'Los Sauces', 12),
(227, 'Lumaco', 12),
(228, 'Purén', 12),
(229, 'Renaico', 12),
(230, 'Traiguén', 12),
(231, 'Victoria', 12),
(232, 'Valdivia', 13),
(233, 'Corral', 13),
(234, 'Lanco', 13),
(235, 'Los Lagos', 13),
(236, 'Máfil', 13),
(237, 'Mariquina', 13),
(238, 'Paillaco', 13),
(239, 'Panguipulli', 13),
(240, 'La Unión', 13),
(241, 'Futrono', 13),
(242, 'Lago Ranco', 13),
(243, 'Río Bueno', 13),
(244, 'Puerto Montt', 14),
(245, 'Calbuco', 14),
(246, 'Cochamó', 14),
(247, 'Fresia', 14),
(248, 'Frutillar', 14),
(249, 'Los Muermos', 14),
(250, 'Llanquihue', 14),
(251, 'Maullín', 14),
(252, 'Puerto Varas', 14),
(253, 'Castro', 14),
(254, 'Ancud', 14),
(255, 'Chonchi', 14),
(256, 'Curaco de Vélez', 14),
(257, 'Dalcahue', 14),
(258, 'Puqueldón', 14),
(259, 'Queilén', 14),
(260, 'Quellón', 14),
(261, 'Quemchi', 14),
(262, 'Quinchao', 14),
(263, 'Osorno', 14),
(264, 'Puerto Octay', 14),
(265, 'Purranque', 14),
(266, 'Puyehue', 14),
(267, 'Río Negro', 14),
(268, 'San Juan de la Costa', 14),
(269, 'San Pablo', 14),
(270, 'Chaitén', 14),
(271, 'Futaleufú', 14),
(272, 'Hualaihué', 14),
(273, 'Palena', 14),
(274, 'Coihaique', 15),
(275, 'Lago Verde', 15),
(276, 'Aisén', 15),
(277, 'Cisnes', 15),
(278, 'Guaitecas', 15),
(279, 'Cochrane', 15),
(280, 'O’Higgins', 15),
(281, 'Tortel', 15),
(282, 'Chile Chico', 15),
(283, 'Río Ibáñez', 15),
(284, 'Punta Arenas', 16),
(285, 'Laguna Blanca', 16),
(286, 'Río Verde', 16),
(287, 'San Gregorio', 16),
(288, 'Cabo de Hornos (Ex Navarino)', 16),
(289, 'Antártica', 16),
(290, 'Porvenir', 16),
(291, 'Primavera', 16),
(292, 'Timaukel', 16),
(293, 'Natales', 16),
(294, 'Torres del Paine', 16),
(295, 'Cerrillos', 7),
(296, 'Cerro Navia', 7),
(297, 'Conchalí', 7),
(298, 'El Bosque', 7),
(299, 'Estación Central', 7),
(300, 'Huechuraba', 7),
(301, 'Independencia', 7),
(302, 'La Cisterna', 7),
(303, 'La Florida', 7),
(304, 'La Granja', 7),
(305, 'La Pintana', 7),
(306, 'La Reina', 7),
(307, 'Las Condes', 7),
(308, 'Lo Barnechea', 7),
(309, 'Lo Espejo', 7),
(310, 'Lo Prado', 7),
(311, 'Macul', 7),
(312, 'Maipú', 7),
(313, 'Ñuñoa', 7),
(314, 'Pedro Aguirre Cerda', 7),
(315, 'Peñalolén', 7),
(316, 'Providencia', 7),
(317, 'Pudahuel', 7),
(318, 'Quilicura', 7),
(319, 'Quinta Normal', 7),
(320, 'Recoleta', 7),
(321, 'Renca', 7),
(322, 'Santiago', 7),
(323, 'San Joaquín', 7),
(324, 'San Miguel', 7),
(325, 'San Ramón', 7),
(326, 'Vitacura', 7),
(327, 'Puente Alto', 7),
(328, 'Pirque', 7),
(329, 'San José de Maipo', 7),
(330, 'Colina', 7),
(331, 'Lampa', 7),
(332, 'Tiltil', 7),
(333, 'San Bernardo', 7),
(334, 'Buin', 7),
(335, 'Calera de Tango', 7),
(336, 'Paine', 7),
(337, 'Melipilla', 7),
(338, 'Alhué', 7),
(339, 'Curacaví', 7),
(340, 'María Pinto', 7),
(341, 'San Pedro', 7),
(342, 'Talagante', 7),
(343, 'El Monte', 7),
(344, 'Isla de Maipo', 7),
(345, 'Padre Hurtado', 7),
(346, 'Peñaflor', 7);


INSERT INTO tutors(id, rut, nombre, apellido_pat, apellido_mat, direccion, cargo, comuna_id)
VALUES
(1, '11.111.111-1', 'Osman', 'Perez', 'Martínez', 'Av. Bolívar', 'Relator', 334),
(2, '22.222.222-2', 'Everto', 'Farias', 'Duran', 'Argomedo 350', 'Relator', 322),
(3, '33.333.333-3', 'Angeri', 'Martínez', 'González', 'La Zurza II', 'Relator', 80),
(4, '44.444.444-4', 'Carlos', 'Gracía', 'Bujanda', 'San Francisco 445', 'Relator', 320),
(5, '55.555.555-5', 'Marcos', 'Ojeda', 'Escalante', 'Carlos Aguirre 554', 'Relator', 327),
(6, '66.666.666-6', 'Adrian', 'Franco', 'Franco', 'General Mackenna 1325', 'Relator', 322),
(7, '77.777.777-7', 'Germán', 'Pinto', 'Ramírez', 'Parque Verónica 1234', 'Relator', 312),
(8, '88.888.888-8', 'Jorge', 'Carmona', 'Llancavil', 'Victor Troncoso Muñoz 456', 'Relator', 334),
(9, '99.999.999-9', 'Alejandro', 'Bonilla', 'Alfaro', 'Rieles Bajos 567', 'Relator', 31),
(10, '10.101.010-1', 'Elfar', 'Morantes', 'Sanchez', 'Avenida Alonso Ovalle 467', 'Relator', 336),
(11, '20.202.020-2', 'Cristian', 'Alveal', 'Vergara', 'Gran Avenida 5435', 'Relator', 298),
(12, '30.303.030-3', 'Luis', 'Ramírez', 'Llanguihuen', 'San Eugenio 542', 'Relator', 313),
(13, '40.404.040-4', 'Jorge', 'Zaldivar', 'Toledo', 'Avenida Manuel Montt 456', 'Relator', 316),
(14, '50.505.050-5', 'Pablo', 'Sandoval', 'Cornejo', 'Isla Mancera 2435', 'Relator', 303),
(15, '60.606.060-6', 'Roberto', 'Hernandez', 'Capistrán', 'Avenida México', 'Relator', 327),
(16, '70-707-070-7', 'Juan', 'Rodriguez', 'Rodriguez', 'Raymond Poincaré 4537', 'Relator', 327),
(17, '80-808-080-8', 'Fernando', 'Lastra', 'Molina', 'Pasaje Los Pistachos 564', 'Relator', 90),
(18, '90.909.090-9', 'Katherina', 'Serczyk', 'Ortega', 'Sucre 1985', 'Relator', 313),
(19, '11.010.101-1', 'Rodrigo', 'Vera', 'Castillo', 'Camino del Esteto 495', 'Relator', 346),
(20, '22.020.202-2', 'Richar', 'Lujano', 'Lujano', 'Santa Victoria 496', 'Relator', 322),
(21, '33.030.303-3', 'Maria', 'Alfaro', 'Cortez', 'Camino a Huallalolen 34586', 'Relator', 308),
(22, '44.040.404-4', 'Alejandro', 'Tenias', 'Villarroel', 'Pasaje el Fleque 547', 'Relator', 308),
(23, '55.050.505-5', 'Ray', 'Rojas', 'Enciso', 'Camino al Volcán 4593', 'Relator', 329),
(24, '66.060.606-6', 'Juan', 'Gonzalez', 'Mesa', 'Glaciar Grey 5967', 'Relator', 129),
(25, '77.070.707-7', 'Julian', 'Tuffano', 'Gascon', 'Calle Argentinca 5489', 'Relator', 330),
(26, '88.080.808-8', 'Daniel', 'Ferrera', 'Leiva', 'Liquidambar 4999', 'Relator', 47),
(27, '99.090.909-9', 'Jorge', 'Martinez', 'Romero', 'Limarí 5664', 'Relator', 47),
(28, '12.121.212-2', 'Nelson', 'Ramírez', 'Ramírez', 'Groenlandia 05686', 'Ayudante', 320),
(29, '13.131.313-3', 'Alan', 'García', 'Muñoz', 'Pasaje Strauss 5679', 'Ayudante', 298),
(30, '14.141.414-4', 'Alejandro', 'Díaz', 'Aravena', 'Walker Matinez 5493', 'Ayudante', 303),
(31, '15.151.515-5', 'Alejandro', 'Lara', 'Lara', 'Enrique Olivares 568', 'Ayudante', 303),
(32, '16.161.616-6', 'Rodrigo', 'Flores', 'Figueroa', 'Pasaje Veinitiuno 593', 'Ayudante', 297),
(33, '17.171.717-7', 'Miguel', 'Parra', 'Mora', 'Rojas Magallanes 5834', 'Ayudante', 303),
(34, '18.181.818-8', 'Francisco', 'Marin', 'Ascenso', 'Tucapel 567', 'Ayudante', 313),
(35, '19.191.919-9', 'Aaron', 'Ubilla', 'Jelvez', 'Vicente Huidobro 984', 'Ayudante', 250),
(36, '10.010.101-1', 'Eliecer', 'Díaz', 'Rojas', 'Vicuña Mackena 4553', 'Ayudante', 251),
(37, '20.020.202-2', 'Constanza', 'Puga', 'Rute', 'Independencia 4356', 'Ayudante', 45),
(38, '25.525.252-5', 'Nathalie', 'Carrasco', 'Campos', 'Ercilla Alto 5665', 'Ayudante', 252),
(39, '22.343.434-2', 'Patricio', 'San Martín', 'Barraza', 'Chaura 4451', 'Ayudante', 312),
(40, '23.345.543-3', 'Fanny', 'Tineo', 'Tineo', 'Avenida Arizaleta 5678', 'Ayudante', 253),
(42, '21.111.111-3', 'Jaime', 'Soto', 'Ruiz', 'Orompello 5677', 'Ayudante', 299),
(43, '22.111.111-4', 'Cesar', 'Osses', 'Cárcamo', '3 Poniente 456', 'Ayudante', 51),
(44, '23.111.111-5', 'Iván', 'Espinoza', 'Cortés', 'Tres Sur 6678', 'Ayudante', 51),
(45, '24.111.111-6', 'José', 'Toloza', 'Avilla', 'Vallejos 50', 'Ayudante', 45),
(46, '25.111.111-7', 'Hiliana', 'Bustamante', 'Gonzalez', 'Lord Cochrane 339', 'Ayudante', 322),
(47, '26.111.111-8', 'Daniel', 'Johnson', 'Opazo', 'El Tabo 593', 'Ayudante', 71);

INSERT INTO modulos(id, descripcion, duracion_horas)
VALUES
(1, 'Orientación al perfil y metodología', 18),
(2, 'Desarrollo de portafolio de un producto digital', 18),
(3, 'Desarrollo de empleabilidad en la industria digital', 18),
(4, 'Fundamentos de desarrollo frontend', 72),
(5, 'Fundamentos de programación Python', 72),
(6, 'Programación avanzada en Python', 56),
(7, 'Fundamentos de bases de datos relacionales', 56),
(8, 'Desarrollo de aplicaciones web con Python Django', 72),
(9, 'Acceso a datos en aplicaciones Python Django', 80),
(10, 'Fundamentos de programación en JS', 60),
(11, 'Programación avanzada en JS', 48),
(12, 'Desarrollo de aplicaciones web node express', 72),
(13, 'Acceso a datos en aplicaciones node', 64),
(14, 'Implementación de API backend node express', 46),
(15, 'Fundamentos de programación Java', 144),
(16, 'Desarrollo de aplicaciones web dinámicas Java', 64),
(17, 'Desarrollo de aplicaciones JEE con Spring Framework', 90),
(18, 'Desarrollo de la interfaz de usuario web', 56),
(19, 'Desarrollo de interfaces interactivas con Framework VUE', 80),
(20, 'Desarrollo de aplicaciones frontend con Framework VUE', 80),
(21, 'Introducción a los negocios tecnológicos', 30),
(22, 'Design Thinking', 24),
(23, 'Lean Startup', 16),
(24, 'Diseño de producto para emprendimiento digital', 44),
(25, 'Introducción al desarrollo web para emprendimiento', 48),
(26, 'Introducción a la programación con Ruby', 60),
(27, 'Introducción a las bases de datos para emprendimiento', 56),
(28, 'Introducción a desarrollo de aplicaciones ROR', 60),
(29, 'Desarrollo de aplicaciones ROR', 60),
(30, 'Visión del producto en un emprendimiento', 28),
(31, 'Presentación del producto y levantamiento', 24);


INSERT INTO plan_formativos(id,codigo_plan_formativo, descripcion, duracion_horas)
VALUES
(1,'A1','Desarrollo de aplifaciones Frontend Trainee',438),
(2,'A2','Desarrollo de aplifaciones FullStack Java Trainee',480),
(3,'A3','Desarrollo de aplifaciones FullStack JavaScript Trainee',472),
(4,'A4','Desarrollo de aplifaciones FullStack Python Trainee',462),
(5,'A5','Emprendimiento digital con Ruby On Rails',450);

INSERT INTO plan_modulos(plan_formativo_id, modulo_id)
VALUES
(1,1),
(1,4),
(1,18),
(1,10),
(1,11),
(1,19),
(1,20),
(1,2),
(1,3),
(2,1),
(2,4),
(2,7),
(2,15),
(2,16),
(2,17),
(2,2),
(2,3),
(3,1),
(3,4),
(3,10),
(3,11),
(3,7),
(3,12),
(3,13),
(3,14),
(3,2),
(3,3),
(4,1),
(4,4),
(4,5),
(4,6),
(4,7),
(4,8),
(4,9),
(4,2),
(4,3),
(5,21),
(5,22),
(5,23),
(5,24),
(5,25),
(5,26),
(5,27),
(5,28),
(5,29),
(5,30),
(5,31);

INSERT INTO cursos(id, codigo_curso, fecha_inicio, fecha_termino, comuna_id, plan_formativo_id)
VALUES
(1,'0004', '2022-03-16', '2022-08-09', 303, 2),
(2,'0010', '2022-03-17', '2022-08-05', 302, 4),
(3,'0008', '2021-12-20', '2022-03-05', 306, 4),
(4,'0006', '2021-12-20', '2022-05-30', 305, 3),
(5,'0045', '2022-04-05', '2022-07-21', 304, 5),
(6,'0009', '2021-12-20', '2022-06-04', 304, 4),
(7,'0007', '2022-03-15', '2022-08-12', 303, 3),
(8,'0001', '2022-03-15', '2022-08-12', 303, 2),
(9,'0031', '2022-03-17', '2022-08-09', 303, 5),
(10,'0046', '2022-03-17', '2022-08-05', 250, 5),
(11,'0012', '2022-03-15', '2022-08-06', 258, 1),
(12,'0003', '2022-03-15', '2022-08-05', 317, 2),
(13,'0027', '2022-03-17', '2022-08-06', 303, 1),
(14,'0044', '2022-03-18', '2022-08-06', 201, 5),
(15,'0005', '2022-03-19', '2022-08-12', 47,  3),
(16,'10032', '2022-03-18', '2022-08-08', 90,  5),
(17,'0013', '2022-03-19', '2022-08-08', 56,  1),
(18,'0029', '2022-03-19', '2022-08-12', 303, 2),
(19,'0002', '2022-03-18', '2022-08-06', 303, 2),
(20,'0028', '2022-03-18', '2022-08-06', 303, 2),
(21,'0047', '2022-03-16', '2022-08-06', 303, 5);

INSERT INTO curso_modulo_tutors(curso_id, modulo_id, tutor_id)
VALUES
(1, 1, 8),
(1, 1, 36),
(1, 4, 8),
(1, 4, 36),
(1, 7, 8),
(1, 7, 36),
(1, 15, 8),
(1, 15, 36),
(1, 16, 8),
(1, 16, 36),
(1, 17, 8),
(1, 17, 36),
(1, 2, 8),
(1, 2, 36),
(1, 3, 8),
(1, 3, 36),
(2, 1, 6),
(2, 1, 33),
(2, 4, 6),
(2, 4, 33),
(2, 7, 6),
(2, 7, 33),
(2, 15, 6),
(2, 15, 33),
(2, 16, 6),
(2, 16, 33),
(2, 17, 6),
(2, 17, 33),
(2, 2, 6),
(2, 2, 33),
(2, 3, 6),
(2, 3, 33),
(3, 1, 7),
(3, 1, 35),
(3, 4, 7),
(3, 4, 35),
(3, 7, 7),
(3, 7, 35),
(3, 15, 7),
(3, 15, 35),
(3, 16, 7),
(3, 16, 35),
(3, 17, 7),
(3, 17, 35),
(3, 2, 7),
(3, 2, 35),
(3, 3, 7),
(3, 3, 35),
(4, 1, 6),
(4, 1, 34),
(4, 4, 6),
(4, 4, 34),
(4, 7, 6),
(4, 7, 34),
(4, 15, 6),
(4, 15, 34),
(4, 16, 6),
(4, 16, 34),
(4, 17, 6),
(4, 17, 34),
(4, 2, 6),
(4, 2, 34),
(4, 3, 6),
(4, 3, 34),
(5, 1, 11),
(5, 1, 40),
(5, 4, 11),
(5, 4, 40),
(5, 7, 11),
(5, 7, 40),
(5, 15, 11),
(5, 15, 40),
(5, 16, 11),
(5, 16, 40),
(5, 17, 11),
(5, 17, 40),
(5, 2, 11),
(5, 2, 40),
(5, 3, 11),
(5, 3, 40),
(6, 1, 12),
(6, 1, 42),
(6, 4, 12),
(6, 4, 42),
(6, 7, 12),
(6, 7, 42),
(6, 15, 12),
(6, 15, 42),
(6, 16, 12),
(6, 16, 42),
(6, 17, 12),
(6, 17, 42),
(6, 2, 12),
(6, 2, 42),
(6, 3, 12),
(6, 3, 42),
(7, 1, 5),
(7, 1, 32),
(7, 4, 5),
(7, 4, 32),
(7, 5, 5),
(7, 5, 32),
(7, 6, 5),
(7, 6, 32),
(7, 7, 5),
(7, 7, 32),
(7, 8, 5),
(7, 8, 32),
(7, 9, 5),
(7, 9, 32),
(7, 2, 5),
(7, 2, 32),
(7, 3, 5),
(7, 3, 32),
(8, 1, 4),
(8, 1, 31),
(8, 4, 4),
(8, 4, 31),
(8, 5, 4),
(8, 5, 31),
(8, 6, 4),
(8, 6, 31),
(8, 7, 4),
(8, 7, 31),
(8, 8, 4),
(8, 8, 31),
(8, 9, 4),
(8, 9, 31),
(8, 2, 4),
(8, 2, 31),
(8, 3, 4),
(8, 3, 31),
(9, 1, 4),
(9, 1, 31),
(9, 4, 4),
(9, 4, 31),
(9, 5, 4),
(9, 5, 31),
(9, 6, 4),
(9, 6, 31),
(9, 7, 4),
(9, 7, 31),
(9, 8, 4),
(9, 8, 31),
(9, 9, 4),
(9, 9, 31),
(9, 2, 4),
(9, 2, 31),
(9, 3, 4),
(9, 3, 31),
(10, 1, 1),
(10, 1, 28),
(10, 4, 1),
(10, 4, 28),
(10, 10, 1),
(10, 10, 28),
(10, 11, 1),
(10, 11, 28),
(10, 7, 1),
(10, 7, 28),
(10, 12, 1),
(10, 12, 28),
(10, 13, 1),
(10, 13, 28),
(10, 14, 1),
(10, 14, 28),
(10, 2, 1),
(10, 2, 28),
(10, 3, 1),
(10, 3, 28),
(11, 1, 3),
(11, 1, 30),
(11, 4, 3),
(11, 4, 30),
(11, 10, 3),
(11, 10, 30),
(11, 11, 3),
(11, 11, 30),
(11, 7, 3),
(11, 7, 30),
(11, 12, 3),
(11, 12, 30),
(11, 13, 3),
(11, 13, 30),
(11, 14, 3),
(11, 14, 30),
(11, 2, 3),
(11, 2, 30),
(11, 3, 3),
(11, 3, 30),
(12, 1, 2),
(12, 1, 29),
(12, 4, 2),
(12, 4, 29),
(12, 10, 2),
(12, 10, 29),
(12, 11, 2),
(12, 11, 29),
(12, 7, 2),
(12, 7, 29),
(12, 12, 2),
(12, 12, 29),
(12, 13, 2),
(12, 13, 29),
(12, 14, 2),
(12, 14, 29),
(12, 2, 2),
(12, 2, 29),
(12, 3, 2),
(12, 3, 29),
(13, 1, 10),
(13, 1, 39),
(13, 4, 10),
(13, 4, 39),
(13, 18, 10),
(13, 18, 39),
(13, 10, 10),
(13, 10, 39),
(13, 11, 10),
(13, 11, 39),
(13, 19, 10),
(13, 19, 39),
(13, 20, 10),
(13, 20, 39),
(13, 2, 10),
(13, 2, 39),
(13, 3, 10),
(13, 3, 39),
(14, 1, 9),
(15, 1, 37),
(15, 4, 9),
(15, 4, 37),
(15, 18, 9),
(15, 18, 37),
(15, 10, 9),
(15, 10, 37),
(15, 11, 9),
(15, 11, 37),
(15, 19, 9),
(15, 19, 37),
(15, 20, 9),
(15, 20, 37),
(15, 2, 9),
(15, 2, 37),
(15, 3, 9),
(15, 3, 37),
(16, 1, 9),
(17, 1, 38),
(17, 4, 9),
(17, 4, 38),
(17, 18, 9),
(17, 18, 38),
(17, 10, 9),
(17, 10, 38),
(17, 11, 9),
(17, 11, 38),
(17, 19, 9),
(17, 19, 38),
(17, 20, 9),
(17, 20, 38),
(17, 2, 9),
(17, 2, 38),
(17, 3, 9),
(17, 3, 38),
(18, 21, 13),
(18, 21, 43),
(18, 22, 14),
(18, 22, 43),
(18, 23, 13),
(18, 23, 43),
(18, 24, 14),
(18, 24, 43),
(18, 25, 15),
(18, 25, 43),
(18, 26, 15),
(18, 26, 43),
(18, 27, 15),
(18, 27, 43),
(18, 28, 15),
(18, 28, 43),
(18, 29, 15),
(18, 29, 43),
(18, 30, 13),
(18, 30, 43),
(18, 31, 15),
(18, 31, 43),
(19, 21, 13),
(19, 21, 44),
(19, 22, 14),
(19, 22, 44),
(19, 23, 13),
(19, 23, 44),
(19, 24, 14),
(19, 24, 44),
(19, 25, 16),
(19, 25, 44),
(19, 26, 16),
(19, 26, 44),
(19, 27, 16),
(19, 27, 44),
(19, 28, 16),
(19, 28, 44),
(19, 29, 16),
(19, 29, 44),
(19, 30, 13),
(19, 30, 44),
(19, 31, 16),
(19, 31, 44),
(20, 21, 17),
(20, 21, 45),
(20, 22, 18),
(20, 22, 45),
(20, 23, 17),
(20, 23, 45),
(20, 24, 18),
(20, 24, 45),
(20, 25, 20),
(20, 25, 45),
(20, 26, 20),
(20, 26, 45),
(20, 27, 20),
(20, 27, 45),
(20, 28, 20),
(20, 28, 45),
(20, 29, 20),
(20, 29, 45),
(20, 30, 19),
(20, 30, 45),
(21, 31, 20),
(21, 31, 45),
(21, 21, 21),
(21, 21, 46),
(21, 22, 18),
(21, 22, 46),
(21, 23, 21),
(21, 23, 46),
(21, 24, 18),
(21, 24, 46),
(21, 25, 4),
(21, 25, 46),
(21, 26, 4),
(21, 26, 46),
(21, 27, 4),
(21, 27, 46),
(21, 28, 4),
(21, 28, 46),
(21, 29, 4),
(21, 29, 46),
(21, 30, 13),
(21, 30, 46),
(21, 31, 4),
(21, 31, 46),
(21, 21, 21),
(21, 21, 46),
(21, 22, 22),
(21, 22, 46),
(21, 23, 21),
(21, 23, 46),
(21, 24, 22),
(14, 24, 46),
(14, 25, 23),
(14, 25, 46),
(14, 26, 23),
(14, 26, 46),
(14, 27, 23),
(14, 27, 46),
(14, 28, 23),
(14, 28, 46),
(14, 29, 23),
(14, 29, 46),
(14, 30, 13),
(14, 30, 46),
(14, 31, 23),
(14, 31, 46),
(14, 21, 24),
(14, 21, 47),
(14, 22, 25),
(14, 22, 47),
(14, 23, 24),
(14, 23, 47),
(14, 24, 26),
(14, 24, 47),
(14, 25, 27),
(14, 25, 47),
(14, 26, 27),
(14, 26, 47),
(14, 27, 27),
(14, 27, 47),
(14, 28, 27),
(14, 28, 47),
(14, 29, 27),
(14, 29, 47),
(14, 30, 13),
(14, 30, 47),
(14, 31, 27),
(14, 31, 47);

INSERT INTO estudiantes(id, rut, nombre, apellido_pat, apellido_mat, direccion, comuna_id, curso_id)
VALUES
(1, '18000000-0', 'nombre_estudiante0', 'apellido_paterno0', 'apellido_materno0', 'direccion0', 196, 1),
(2, '18000001-1', 'nombre_estudiante1', 'apellido_paterno1', 'apellido_materno1', 'direccion1', 238, 1),
(3, '18000002-2', 'nombre_estudiante2', 'apellido_paterno2', 'apellido_materno2', 'direccion2', 188, 1),
(4, '18000003-3', 'nombre_estudiante3', 'apellido_paterno3', 'apellido_materno3', 'direccion3', 81, 1),
(5, '18000004-4', 'nombre_estudiante4', 'apellido_paterno4', 'apellido_materno4', 'direccion4', 116, 1),
(6, '18000005-5', 'nombre_estudiante5', 'apellido_paterno5', 'apellido_materno5', 'direccion5', 11, 1),
(7, '18000006-6', 'nombre_estudiante6', 'apellido_paterno6', 'apellido_materno6', 'direccion6', 337, 1),
(8, '18000007-7', 'nombre_estudiante7', 'apellido_paterno7', 'apellido_materno7', 'direccion7', 266, 1),
(9, '18000008-8', 'nombre_estudiante8', 'apellido_paterno8', 'apellido_materno8', 'direccion8', 86, 1),
(10, '18000009-9', 'nombre_estudiante9', 'apellido_paterno9', 'apellido_materno9', 'direccion9', 135, 1),
(11, '18000010-0', 'nombre_estudiante10', 'apellido_paterno10', 'apellido_materno10', 'direccion10', 66, 1),
(12, '18000011-1', 'nombre_estudiante11', 'apellido_paterno11', 'apellido_materno11', 'direccion11', 207, 1),
(13, '18000012-2', 'nombre_estudiante12', 'apellido_paterno12', 'apellido_materno12', 'direccion12', 278, 1),
(14, '18000013-3', 'nombre_estudiante13', 'apellido_paterno13', 'apellido_materno13', 'direccion13', 124, 1),
(15, '18000014-4', 'nombre_estudiante14', 'apellido_paterno14', 'apellido_materno14', 'direccion14', 233, 1),
(16, '18000015-5', 'nombre_estudiante15', 'apellido_paterno15', 'apellido_materno15', 'direccion15', 183, 1),
(17, '18000016-6', 'nombre_estudiante16', 'apellido_paterno16', 'apellido_materno16', 'direccion16', 32, 1),
(18, '18000017-7', 'nombre_estudiante17', 'apellido_paterno17', 'apellido_materno17', 'direccion17', 290, 1),
(19, '18000018-8', 'nombre_estudiante18', 'apellido_paterno18', 'apellido_materno18', 'direccion18', 312, 1),
(20, '18000019-9', 'nombre_estudiante19', 'apellido_paterno19', 'apellido_materno19', 'direccion19', 209, 1),
(21, '18000020-0', 'nombre_estudiante20', 'apellido_paterno20', 'apellido_materno20', 'direccion20', 207, 1),
(22, '18000021-1', 'nombre_estudiante21', 'apellido_paterno21', 'apellido_materno21', 'direccion21', 231, 1),
(23, '18000022-2', 'nombre_estudiante22', 'apellido_paterno22', 'apellido_materno22', 'direccion22', 298, 1),
(24, '18000023-3', 'nombre_estudiante23', 'apellido_paterno23', 'apellido_materno23', 'direccion23', 26, 1),
(25, '18000024-4', 'nombre_estudiante24', 'apellido_paterno24', 'apellido_materno24', 'direccion24', 316, 1),
(26, '18000025-5', 'nombre_estudiante25', 'apellido_paterno25', 'apellido_materno25', 'direccion25', 247, 1),
(27, '18000026-6', 'nombre_estudiante26', 'apellido_paterno26', 'apellido_materno26', 'direccion26', 14, 1),
(28, '18000027-7', 'nombre_estudiante27', 'apellido_paterno27', 'apellido_materno27', 'direccion27', 129, 1),
(29, '18000028-8', 'nombre_estudiante28', 'apellido_paterno28', 'apellido_materno28', 'direccion28', 126, 1),
(30, '18000029-9', 'nombre_estudiante29', 'apellido_paterno29', 'apellido_materno29', 'direccion29', 19, 1),
(31, '18000030-0', 'nombre_estudiante30', 'apellido_paterno30', 'apellido_materno30', 'direccion30', 98, 2),
(32, '18000031-1', 'nombre_estudiante31', 'apellido_paterno31', 'apellido_materno31', 'direccion31', 39, 2),
(33, '18000032-2', 'nombre_estudiante32', 'apellido_paterno32', 'apellido_materno32', 'direccion32', 149, 2),
(34, '18000033-3', 'nombre_estudiante33', 'apellido_paterno33', 'apellido_materno33', 'direccion33', 240, 2),
(35, '18000034-4', 'nombre_estudiante34', 'apellido_paterno34', 'apellido_materno34', 'direccion34', 242, 2),
(36, '18000035-5', 'nombre_estudiante35', 'apellido_paterno35', 'apellido_materno35', 'direccion35', 220, 2),
(37, '18000036-6', 'nombre_estudiante36', 'apellido_paterno36', 'apellido_materno36', 'direccion36', 315, 2),
(38, '18000037-7', 'nombre_estudiante37', 'apellido_paterno37', 'apellido_materno37', 'direccion37', 241, 2),
(39, '18000038-8', 'nombre_estudiante38', 'apellido_paterno38', 'apellido_materno38', 'direccion38', 8, 2),
(40, '18000039-9', 'nombre_estudiante39', 'apellido_paterno39', 'apellido_materno39', 'direccion39', 306, 2),
(41, '18000040-0', 'nombre_estudiante40', 'apellido_paterno40', 'apellido_materno40', 'direccion40', 175, 2),
(42, '18000041-1', 'nombre_estudiante41', 'apellido_paterno41', 'apellido_materno41', 'direccion41', 107, 2),
(43, '18000042-2', 'nombre_estudiante42', 'apellido_paterno42', 'apellido_materno42', 'direccion42', 272, 2),
(44, '18000043-3', 'nombre_estudiante43', 'apellido_paterno43', 'apellido_materno43', 'direccion43', 272, 2),
(45, '18000044-4', 'nombre_estudiante44', 'apellido_paterno44', 'apellido_materno44', 'direccion44', 161, 2),
(46, '18000045-5', 'nombre_estudiante45', 'apellido_paterno45', 'apellido_materno45', 'direccion45', 105, 2),
(47, '18000046-6', 'nombre_estudiante46', 'apellido_paterno46', 'apellido_materno46', 'direccion46', 311, 2),
(48, '18000047-7', 'nombre_estudiante47', 'apellido_paterno47', 'apellido_materno47', 'direccion47', 21, 2),
(49, '18000048-8', 'nombre_estudiante48', 'apellido_paterno48', 'apellido_materno48', 'direccion48', 261, 2),
(50, '18000049-9', 'nombre_estudiante49', 'apellido_paterno49', 'apellido_materno49', 'direccion49', 222, 2),
(51, '18000050-0', 'nombre_estudiante50', 'apellido_paterno50', 'apellido_materno50', 'direccion50', 304, 2),
(52, '18000051-1', 'nombre_estudiante51', 'apellido_paterno51', 'apellido_materno51', 'direccion51', 110, 2),
(53, '18000052-2', 'nombre_estudiante52', 'apellido_paterno52', 'apellido_materno52', 'direccion52', 268, 2),
(54, '18000053-3', 'nombre_estudiante53', 'apellido_paterno53', 'apellido_materno53', 'direccion53', 276, 2),
(55, '18000054-4', 'nombre_estudiante54', 'apellido_paterno54', 'apellido_materno54', 'direccion54', 332, 2),
(56, '18000055-5', 'nombre_estudiante55', 'apellido_paterno55', 'apellido_materno55', 'direccion55', 166, 2),
(57, '18000056-6', 'nombre_estudiante56', 'apellido_paterno56', 'apellido_materno56', 'direccion56', 274, 2),
(58, '18000057-7', 'nombre_estudiante57', 'apellido_paterno57', 'apellido_materno57', 'direccion57', 187, 2),
(59, '18000058-8', 'nombre_estudiante58', 'apellido_paterno58', 'apellido_materno58', 'direccion58', 35, 2),
(60, '18000059-9', 'nombre_estudiante59', 'apellido_paterno59', 'apellido_materno59', 'direccion59', 59, 2),
(61, '18000060-0', 'nombre_estudiante60', 'apellido_paterno60', 'apellido_materno60', 'direccion60', 149, 3),
(62, '18000061-1', 'nombre_estudiante61', 'apellido_paterno61', 'apellido_materno61', 'direccion61', 87, 3),
(63, '18000062-2', 'nombre_estudiante62', 'apellido_paterno62', 'apellido_materno62', 'direccion62', 126, 3),
(64, '18000063-3', 'nombre_estudiante63', 'apellido_paterno63', 'apellido_materno63', 'direccion63', 180, 3),
(65, '18000064-4', 'nombre_estudiante64', 'apellido_paterno64', 'apellido_materno64', 'direccion64', 11, 3),
(66, '18000065-5', 'nombre_estudiante65', 'apellido_paterno65', 'apellido_materno65', 'direccion65', 57, 3),
(67, '18000066-6', 'nombre_estudiante66', 'apellido_paterno66', 'apellido_materno66', 'direccion66', 230, 3),
(68, '18000067-7', 'nombre_estudiante67', 'apellido_paterno67', 'apellido_materno67', 'direccion67', 313, 3),
(69, '18000068-8', 'nombre_estudiante68', 'apellido_paterno68', 'apellido_materno68', 'direccion68', 127, 3),
(70, '18000069-9', 'nombre_estudiante69', 'apellido_paterno69', 'apellido_materno69', 'direccion69', 182, 3),
(71, '18000070-0', 'nombre_estudiante70', 'apellido_paterno70', 'apellido_materno70', 'direccion70', 176, 3),
(72, '18000071-1', 'nombre_estudiante71', 'apellido_paterno71', 'apellido_materno71', 'direccion71', 195, 3),
(73, '18000072-2', 'nombre_estudiante72', 'apellido_paterno72', 'apellido_materno72', 'direccion72', 19, 3),
(74, '18000073-3', 'nombre_estudiante73', 'apellido_paterno73', 'apellido_materno73', 'direccion73', 80, 3),
(75, '18000074-4', 'nombre_estudiante74', 'apellido_paterno74', 'apellido_materno74', 'direccion74', 220, 3),
(76, '18000075-5', 'nombre_estudiante75', 'apellido_paterno75', 'apellido_materno75', 'direccion75', 152, 3),
(77, '18000076-6', 'nombre_estudiante76', 'apellido_paterno76', 'apellido_materno76', 'direccion76', 267, 3),
(78, '18000077-7', 'nombre_estudiante77', 'apellido_paterno77', 'apellido_materno77', 'direccion77', 223, 3),
(79, '18000078-8', 'nombre_estudiante78', 'apellido_paterno78', 'apellido_materno78', 'direccion78', 235, 3),
(80, '18000079-9', 'nombre_estudiante79', 'apellido_paterno79', 'apellido_materno79', 'direccion79', 52, 3),
(81, '18000080-0', 'nombre_estudiante80', 'apellido_paterno80', 'apellido_materno80', 'direccion80', 252, 3),
(82, '18000081-1', 'nombre_estudiante81', 'apellido_paterno81', 'apellido_materno81', 'direccion81', 93, 3),
(83, '18000082-2', 'nombre_estudiante82', 'apellido_paterno82', 'apellido_materno82', 'direccion82', 205, 3),
(84, '18000083-3', 'nombre_estudiante83', 'apellido_paterno83', 'apellido_materno83', 'direccion83', 50, 3),
(85, '18000084-4', 'nombre_estudiante84', 'apellido_paterno84', 'apellido_materno84', 'direccion84', 231, 3),
(86, '18000085-5', 'nombre_estudiante85', 'apellido_paterno85', 'apellido_materno85', 'direccion85', 344, 3),
(87, '18000086-6', 'nombre_estudiante86', 'apellido_paterno86', 'apellido_materno86', 'direccion86', 115, 3),
(88, '18000087-7', 'nombre_estudiante87', 'apellido_paterno87', 'apellido_materno87', 'direccion87', 56, 3),
(89, '18000088-8', 'nombre_estudiante88', 'apellido_paterno88', 'apellido_materno88', 'direccion88', 148, 3),
(90, '18000089-9', 'nombre_estudiante89', 'apellido_paterno89', 'apellido_materno89', 'direccion89', 276, 3),
(91, '18000090-0', 'nombre_estudiante90', 'apellido_paterno90', 'apellido_materno90', 'direccion90', 107, 4),
(92, '18000091-1', 'nombre_estudiante91', 'apellido_paterno91', 'apellido_materno91', 'direccion91', 50, 4),
(93, '18000092-2', 'nombre_estudiante92', 'apellido_paterno92', 'apellido_materno92', 'direccion92', 304, 4),
(94, '18000093-3', 'nombre_estudiante93', 'apellido_paterno93', 'apellido_materno93', 'direccion93', 289, 4),
(95, '18000094-4', 'nombre_estudiante94', 'apellido_paterno94', 'apellido_materno94', 'direccion94', 98, 4),
(96, '18000095-5', 'nombre_estudiante95', 'apellido_paterno95', 'apellido_materno95', 'direccion95', 175, 4),
(97, '18000096-6', 'nombre_estudiante96', 'apellido_paterno96', 'apellido_materno96', 'direccion96', 185, 4),
(98, '18000097-7', 'nombre_estudiante97', 'apellido_paterno97', 'apellido_materno97', 'direccion97', 78, 4),
(99, '18000098-8', 'nombre_estudiante98', 'apellido_paterno98', 'apellido_materno98', 'direccion98', 6, 4),
(100, '18000099-9', 'nombre_estudiante99', 'apellido_paterno99', 'apellido_materno99', 'direccion99', 144, 4),
(101, '18000100-0', 'nombre_estudiante100', 'apellido_paterno100', 'apellido_materno100', 'direccion100', 3, 4),
(102, '18000101-1', 'nombre_estudiante101', 'apellido_paterno101', 'apellido_materno101', 'direccion101', 12, 4),
(103, '18000102-2', 'nombre_estudiante102', 'apellido_paterno102', 'apellido_materno102', 'direccion102', 341, 4),
(104, '18000103-3', 'nombre_estudiante103', 'apellido_paterno103', 'apellido_materno103', 'direccion103', 121, 4),
(105, '18000104-4', 'nombre_estudiante104', 'apellido_paterno104', 'apellido_materno104', 'direccion104', 100, 4),
(106, '18000105-5', 'nombre_estudiante105', 'apellido_paterno105', 'apellido_materno105', 'direccion105', 222, 4),
(107, '18000106-6', 'nombre_estudiante106', 'apellido_paterno106', 'apellido_materno106', 'direccion106', 2, 4),
(108, '18000107-7', 'nombre_estudiante107', 'apellido_paterno107', 'apellido_materno107', 'direccion107', 182, 4),
(109, '18000108-8', 'nombre_estudiante108', 'apellido_paterno108', 'apellido_materno108', 'direccion108', 122, 4),
(110, '18000109-9', 'nombre_estudiante109', 'apellido_paterno109', 'apellido_materno109', 'direccion109', 60, 4),
(111, '18000110-0', 'nombre_estudiante110', 'apellido_paterno110', 'apellido_materno110', 'direccion110', 115, 4),
(112, '18000111-1', 'nombre_estudiante111', 'apellido_paterno111', 'apellido_materno111', 'direccion111', 239, 4),
(113, '18000112-2', 'nombre_estudiante112', 'apellido_paterno112', 'apellido_materno112', 'direccion112', 159, 4),
(114, '18000113-3', 'nombre_estudiante113', 'apellido_paterno113', 'apellido_materno113', 'direccion113', 268, 4),
(115, '18000114-4', 'nombre_estudiante114', 'apellido_paterno114', 'apellido_materno114', 'direccion114', 260, 4),
(116, '18000115-5', 'nombre_estudiante115', 'apellido_paterno115', 'apellido_materno115', 'direccion115', 297, 4),
(117, '18000116-6', 'nombre_estudiante116', 'apellido_paterno116', 'apellido_materno116', 'direccion116', 48, 4),
(118, '18000117-7', 'nombre_estudiante117', 'apellido_paterno117', 'apellido_materno117', 'direccion117', 244, 4),
(119, '18000118-8', 'nombre_estudiante118', 'apellido_paterno118', 'apellido_materno118', 'direccion118', 289, 4),
(120, '18000119-9', 'nombre_estudiante119', 'apellido_paterno119', 'apellido_materno119', 'direccion119', 325, 4),
(121, '18000120-0', 'nombre_estudiante120', 'apellido_paterno120', 'apellido_materno120', 'direccion120', 330, 5),
(122, '18000121-1', 'nombre_estudiante121', 'apellido_paterno121', 'apellido_materno121', 'direccion121', 302, 5),
(123, '18000122-2', 'nombre_estudiante122', 'apellido_paterno122', 'apellido_materno122', 'direccion122', 289, 5),
(124, '18000123-3', 'nombre_estudiante123', 'apellido_paterno123', 'apellido_materno123', 'direccion123', 173, 5),
(125, '18000124-4', 'nombre_estudiante124', 'apellido_paterno124', 'apellido_materno124', 'direccion124', 52, 5),
(126, '18000125-5', 'nombre_estudiante125', 'apellido_paterno125', 'apellido_materno125', 'direccion125', 277, 5),
(127, '18000126-6', 'nombre_estudiante126', 'apellido_paterno126', 'apellido_materno126', 'direccion126', 319, 5),
(128, '18000127-7', 'nombre_estudiante127', 'apellido_paterno127', 'apellido_materno127', 'direccion127', 83, 5),
(129, '18000128-8', 'nombre_estudiante128', 'apellido_paterno128', 'apellido_materno128', 'direccion128', 242, 5),
(130, '18000129-9', 'nombre_estudiante129', 'apellido_paterno129', 'apellido_materno129', 'direccion129', 196, 5),
(131, '18000130-0', 'nombre_estudiante130', 'apellido_paterno130', 'apellido_materno130', 'direccion130', 232, 5),
(132, '18000131-1', 'nombre_estudiante131', 'apellido_paterno131', 'apellido_materno131', 'direccion131', 83, 5),
(133, '18000132-2', 'nombre_estudiante132', 'apellido_paterno132', 'apellido_materno132', 'direccion132', 182, 5),
(134, '18000133-3', 'nombre_estudiante133', 'apellido_paterno133', 'apellido_materno133', 'direccion133', 150, 5),
(135, '18000134-4', 'nombre_estudiante134', 'apellido_paterno134', 'apellido_materno134', 'direccion134', 142, 5),
(136, '18000135-5', 'nombre_estudiante135', 'apellido_paterno135', 'apellido_materno135', 'direccion135', 190, 5),
(137, '18000136-6', 'nombre_estudiante136', 'apellido_paterno136', 'apellido_materno136', 'direccion136', 63, 5),
(138, '18000137-7', 'nombre_estudiante137', 'apellido_paterno137', 'apellido_materno137', 'direccion137', 198, 5),
(139, '18000138-8', 'nombre_estudiante138', 'apellido_paterno138', 'apellido_materno138', 'direccion138', 17, 5),
(140, '18000139-9', 'nombre_estudiante139', 'apellido_paterno139', 'apellido_materno139', 'direccion139', 333, 5),
(141, '18000140-0', 'nombre_estudiante140', 'apellido_paterno140', 'apellido_materno140', 'direccion140', 271, 5),
(142, '18000141-1', 'nombre_estudiante141', 'apellido_paterno141', 'apellido_materno141', 'direccion141', 338, 5),
(143, '18000142-2', 'nombre_estudiante142', 'apellido_paterno142', 'apellido_materno142', 'direccion142', 217, 5),
(144, '18000143-3', 'nombre_estudiante143', 'apellido_paterno143', 'apellido_materno143', 'direccion143', 223, 5),
(145, '18000144-4', 'nombre_estudiante144', 'apellido_paterno144', 'apellido_materno144', 'direccion144', 71, 5),
(146, '18000145-5', 'nombre_estudiante145', 'apellido_paterno145', 'apellido_materno145', 'direccion145', 108, 5),
(147, '18000146-6', 'nombre_estudiante146', 'apellido_paterno146', 'apellido_materno146', 'direccion146', 62, 5),
(148, '18000147-7', 'nombre_estudiante147', 'apellido_paterno147', 'apellido_materno147', 'direccion147', 73, 5),
(149, '18000148-8', 'nombre_estudiante148', 'apellido_paterno148', 'apellido_materno148', 'direccion148', 271, 5),
(150, '18000149-9', 'nombre_estudiante149', 'apellido_paterno149', 'apellido_materno149', 'direccion149', 277, 5),
(151, '18000150-0', 'nombre_estudiante150', 'apellido_paterno150', 'apellido_materno150', 'direccion150', 263, 6),
(152, '18000151-1', 'nombre_estudiante151', 'apellido_paterno151', 'apellido_materno151', 'direccion151', 33, 6),
(153, '18000152-2', 'nombre_estudiante152', 'apellido_paterno152', 'apellido_materno152', 'direccion152', 77, 6),
(154, '18000153-3', 'nombre_estudiante153', 'apellido_paterno153', 'apellido_materno153', 'direccion153', 305, 6),
(155, '18000154-4', 'nombre_estudiante154', 'apellido_paterno154', 'apellido_materno154', 'direccion154', 228, 6),
(156, '18000155-5', 'nombre_estudiante155', 'apellido_paterno155', 'apellido_materno155', 'direccion155', 194, 6),
(157, '18000156-6', 'nombre_estudiante156', 'apellido_paterno156', 'apellido_materno156', 'direccion156', 128, 6),
(158, '18000157-7', 'nombre_estudiante157', 'apellido_paterno157', 'apellido_materno157', 'direccion157', 37, 6),
(159, '18000158-8', 'nombre_estudiante158', 'apellido_paterno158', 'apellido_materno158', 'direccion158', 282, 6),
(160, '18000159-9', 'nombre_estudiante159', 'apellido_paterno159', 'apellido_materno159', 'direccion159', 235, 6),
(161, '18000160-0', 'nombre_estudiante160', 'apellido_paterno160', 'apellido_materno160', 'direccion160', 205, 6),
(162, '18000161-1', 'nombre_estudiante161', 'apellido_paterno161', 'apellido_materno161', 'direccion161', 151, 6),
(163, '18000162-2', 'nombre_estudiante162', 'apellido_paterno162', 'apellido_materno162', 'direccion162', 155, 6),
(164, '18000163-3', 'nombre_estudiante163', 'apellido_paterno163', 'apellido_materno163', 'direccion163', 198, 6),
(165, '18000164-4', 'nombre_estudiante164', 'apellido_paterno164', 'apellido_materno164', 'direccion164', 22, 6),
(166, '18000165-5', 'nombre_estudiante165', 'apellido_paterno165', 'apellido_materno165', 'direccion165', 230, 6),
(167, '18000166-6', 'nombre_estudiante166', 'apellido_paterno166', 'apellido_materno166', 'direccion166', 68, 6),
(168, '18000167-7', 'nombre_estudiante167', 'apellido_paterno167', 'apellido_materno167', 'direccion167', 42, 6),
(169, '18000168-8', 'nombre_estudiante168', 'apellido_paterno168', 'apellido_materno168', 'direccion168', 346, 6),
(170, '18000169-9', 'nombre_estudiante169', 'apellido_paterno169', 'apellido_materno169', 'direccion169', 327, 6),
(171, '18000170-0', 'nombre_estudiante170', 'apellido_paterno170', 'apellido_materno170', 'direccion170', 203, 6),
(172, '18000171-1', 'nombre_estudiante171', 'apellido_paterno171', 'apellido_materno171', 'direccion171', 208, 6),
(173, '18000172-2', 'nombre_estudiante172', 'apellido_paterno172', 'apellido_materno172', 'direccion172', 335, 6),
(174, '18000173-3', 'nombre_estudiante173', 'apellido_paterno173', 'apellido_materno173', 'direccion173', 327, 6),
(175, '18000174-4', 'nombre_estudiante174', 'apellido_paterno174', 'apellido_materno174', 'direccion174', 311, 6),
(176, '18000175-5', 'nombre_estudiante175', 'apellido_paterno175', 'apellido_materno175', 'direccion175', 95, 6),
(177, '18000176-6', 'nombre_estudiante176', 'apellido_paterno176', 'apellido_materno176', 'direccion176', 34, 6),
(178, '18000177-7', 'nombre_estudiante177', 'apellido_paterno177', 'apellido_materno177', 'direccion177', 296, 6),
(179, '18000178-8', 'nombre_estudiante178', 'apellido_paterno178', 'apellido_materno178', 'direccion178', 335, 6),
(180, '18000179-9', 'nombre_estudiante179', 'apellido_paterno179', 'apellido_materno179', 'direccion179', 278, 6),
(181, '18000180-0', 'nombre_estudiante180', 'apellido_paterno180', 'apellido_materno180', 'direccion180', 193, 7),
(182, '18000181-1', 'nombre_estudiante181', 'apellido_paterno181', 'apellido_materno181', 'direccion181', 262, 7),
(183, '18000182-2', 'nombre_estudiante182', 'apellido_paterno182', 'apellido_materno182', 'direccion182', 342, 7),
(184, '18000183-3', 'nombre_estudiante183', 'apellido_paterno183', 'apellido_materno183', 'direccion183', 249, 7),
(185, '18000184-4', 'nombre_estudiante184', 'apellido_paterno184', 'apellido_materno184', 'direccion184', 52, 7),
(186, '18000185-5', 'nombre_estudiante185', 'apellido_paterno185', 'apellido_materno185', 'direccion185', 241, 7),
(187, '18000186-6', 'nombre_estudiante186', 'apellido_paterno186', 'apellido_materno186', 'direccion186', 265, 7),
(188, '18000187-7', 'nombre_estudiante187', 'apellido_paterno187', 'apellido_materno187', 'direccion187', 306, 7),
(189, '18000188-8', 'nombre_estudiante188', 'apellido_paterno188', 'apellido_materno188', 'direccion188', 102, 7),
(190, '18000189-9', 'nombre_estudiante189', 'apellido_paterno189', 'apellido_materno189', 'direccion189', 323, 7),
(191, '18000190-0', 'nombre_estudiante190', 'apellido_paterno190', 'apellido_materno190', 'direccion190', 341, 7),
(192, '18000191-1', 'nombre_estudiante191', 'apellido_paterno191', 'apellido_materno191', 'direccion191', 67, 7),
(193, '18000192-2', 'nombre_estudiante192', 'apellido_paterno192', 'apellido_materno192', 'direccion192', 109, 7),
(194, '18000193-3', 'nombre_estudiante193', 'apellido_paterno193', 'apellido_materno193', 'direccion193', 263, 7),
(195, '18000194-4', 'nombre_estudiante194', 'apellido_paterno194', 'apellido_materno194', 'direccion194', 41, 7),
(196, '18000195-5', 'nombre_estudiante195', 'apellido_paterno195', 'apellido_materno195', 'direccion195', 311, 7),
(197, '18000196-6', 'nombre_estudiante196', 'apellido_paterno196', 'apellido_materno196', 'direccion196', 249, 7),
(198, '18000197-7', 'nombre_estudiante197', 'apellido_paterno197', 'apellido_materno197', 'direccion197', 346, 7),
(199, '18000198-8', 'nombre_estudiante198', 'apellido_paterno198', 'apellido_materno198', 'direccion198', 10, 7),
(200, '18000199-9', 'nombre_estudiante199', 'apellido_paterno199', 'apellido_materno199', 'direccion199', 126, 7),
(201, '18000200-0', 'nombre_estudiante200', 'apellido_paterno200', 'apellido_materno200', 'direccion200', 183, 7),
(202, '18000201-1', 'nombre_estudiante201', 'apellido_paterno201', 'apellido_materno201', 'direccion201', 203, 7),
(203, '18000202-2', 'nombre_estudiante202', 'apellido_paterno202', 'apellido_materno202', 'direccion202', 17, 7),
(204, '18000203-3', 'nombre_estudiante203', 'apellido_paterno203', 'apellido_materno203', 'direccion203', 303, 7),
(205, '18000204-4', 'nombre_estudiante204', 'apellido_paterno204', 'apellido_materno204', 'direccion204', 244, 7),
(206, '18000205-5', 'nombre_estudiante205', 'apellido_paterno205', 'apellido_materno205', 'direccion205', 273, 7),
(207, '18000206-6', 'nombre_estudiante206', 'apellido_paterno206', 'apellido_materno206', 'direccion206', 198, 7),
(208, '18000207-7', 'nombre_estudiante207', 'apellido_paterno207', 'apellido_materno207', 'direccion207', 125, 7),
(209, '18000208-8', 'nombre_estudiante208', 'apellido_paterno208', 'apellido_materno208', 'direccion208', 208, 7),
(210, '18000209-9', 'nombre_estudiante209', 'apellido_paterno209', 'apellido_materno209', 'direccion209', 74, 7),
(211, '18000210-0', 'nombre_estudiante210', 'apellido_paterno210', 'apellido_materno210', 'direccion210', 270, 8),
(212, '18000211-1', 'nombre_estudiante211', 'apellido_paterno211', 'apellido_materno211', 'direccion211', 288, 8),
(213, '18000212-2', 'nombre_estudiante212', 'apellido_paterno212', 'apellido_materno212', 'direccion212', 247, 8),
(214, '18000213-3', 'nombre_estudiante213', 'apellido_paterno213', 'apellido_materno213', 'direccion213', 66, 8),
(215, '18000214-4', 'nombre_estudiante214', 'apellido_paterno214', 'apellido_materno214', 'direccion214', 20, 8),
(216, '18000215-5', 'nombre_estudiante215', 'apellido_paterno215', 'apellido_materno215', 'direccion215', 195, 8),
(217, '18000216-6', 'nombre_estudiante216', 'apellido_paterno216', 'apellido_materno216', 'direccion216', 38, 8),
(218, '18000217-7', 'nombre_estudiante217', 'apellido_paterno217', 'apellido_materno217', 'direccion217', 220, 8),
(219, '18000218-8', 'nombre_estudiante218', 'apellido_paterno218', 'apellido_materno218', 'direccion218', 76, 8),
(220, '18000219-9', 'nombre_estudiante219', 'apellido_paterno219', 'apellido_materno219', 'direccion219', 173, 8),
(221, '18000220-0', 'nombre_estudiante220', 'apellido_paterno220', 'apellido_materno220', 'direccion220', 11, 8),
(222, '18000221-1', 'nombre_estudiante221', 'apellido_paterno221', 'apellido_materno221', 'direccion221', 152, 8),
(223, '18000222-2', 'nombre_estudiante222', 'apellido_paterno222', 'apellido_materno222', 'direccion222', 308, 8),
(224, '18000223-3', 'nombre_estudiante223', 'apellido_paterno223', 'apellido_materno223', 'direccion223', 283, 8),
(225, '18000224-4', 'nombre_estudiante224', 'apellido_paterno224', 'apellido_materno224', 'direccion224', 1, 8),
(226, '18000225-5', 'nombre_estudiante225', 'apellido_paterno225', 'apellido_materno225', 'direccion225', 99, 8),
(227, '18000226-6', 'nombre_estudiante226', 'apellido_paterno226', 'apellido_materno226', 'direccion226', 322, 8),
(228, '18000227-7', 'nombre_estudiante227', 'apellido_paterno227', 'apellido_materno227', 'direccion227', 215, 8),
(229, '18000228-8', 'nombre_estudiante228', 'apellido_paterno228', 'apellido_materno228', 'direccion228', 248, 8),
(230, '18000229-9', 'nombre_estudiante229', 'apellido_paterno229', 'apellido_materno229', 'direccion229', 34, 8),
(231, '18000230-0', 'nombre_estudiante230', 'apellido_paterno230', 'apellido_materno230', 'direccion230', 57, 8),
(232, '18000231-1', 'nombre_estudiante231', 'apellido_paterno231', 'apellido_materno231', 'direccion231', 33, 8),
(233, '18000232-2', 'nombre_estudiante232', 'apellido_paterno232', 'apellido_materno232', 'direccion232', 113, 8),
(234, '18000233-3', 'nombre_estudiante233', 'apellido_paterno233', 'apellido_materno233', 'direccion233', 252, 8),
(235, '18000234-4', 'nombre_estudiante234', 'apellido_paterno234', 'apellido_materno234', 'direccion234', 227, 8),
(236, '18000235-5', 'nombre_estudiante235', 'apellido_paterno235', 'apellido_materno235', 'direccion235', 269, 8),
(237, '18000236-6', 'nombre_estudiante236', 'apellido_paterno236', 'apellido_materno236', 'direccion236', 320, 8),
(238, '18000237-7', 'nombre_estudiante237', 'apellido_paterno237', 'apellido_materno237', 'direccion237', 117, 8),
(239, '18000238-8', 'nombre_estudiante238', 'apellido_paterno238', 'apellido_materno238', 'direccion238', 19, 8),
(240, '18000239-9', 'nombre_estudiante239', 'apellido_paterno239', 'apellido_materno239', 'direccion239', 307, 8),
(241, '18000240-0', 'nombre_estudiante240', 'apellido_paterno240', 'apellido_materno240', 'direccion240', 92, 9),
(242, '18000241-1', 'nombre_estudiante241', 'apellido_paterno241', 'apellido_materno241', 'direccion241', 161, 9),
(243, '18000242-2', 'nombre_estudiante242', 'apellido_paterno242', 'apellido_materno242', 'direccion242', 235, 9),
(244, '18000243-3', 'nombre_estudiante243', 'apellido_paterno243', 'apellido_materno243', 'direccion243', 297, 9),
(245, '18000244-4', 'nombre_estudiante244', 'apellido_paterno244', 'apellido_materno244', 'direccion244', 179, 9),
(246, '18000245-5', 'nombre_estudiante245', 'apellido_paterno245', 'apellido_materno245', 'direccion245', 61, 9),
(247, '18000246-6', 'nombre_estudiante246', 'apellido_paterno246', 'apellido_materno246', 'direccion246', 6, 9),
(248, '18000247-7', 'nombre_estudiante247', 'apellido_paterno247', 'apellido_materno247', 'direccion247', 292, 9),
(249, '18000248-8', 'nombre_estudiante248', 'apellido_paterno248', 'apellido_materno248', 'direccion248', 128, 9),
(250, '18000249-9', 'nombre_estudiante249', 'apellido_paterno249', 'apellido_materno249', 'direccion249', 267, 9),
(251, '18000250-0', 'nombre_estudiante250', 'apellido_paterno250', 'apellido_materno250', 'direccion250', 227, 9),
(252, '18000251-1', 'nombre_estudiante251', 'apellido_paterno251', 'apellido_materno251', 'direccion251', 263, 9),
(253, '18000252-2', 'nombre_estudiante252', 'apellido_paterno252', 'apellido_materno252', 'direccion252', 128, 9),
(254, '18000253-3', 'nombre_estudiante253', 'apellido_paterno253', 'apellido_materno253', 'direccion253', 134, 9),
(255, '18000254-4', 'nombre_estudiante254', 'apellido_paterno254', 'apellido_materno254', 'direccion254', 289, 9),
(256, '18000255-5', 'nombre_estudiante255', 'apellido_paterno255', 'apellido_materno255', 'direccion255', 26, 9),
(257, '18000256-6', 'nombre_estudiante256', 'apellido_paterno256', 'apellido_materno256', 'direccion256', 295, 9),
(258, '18000257-7', 'nombre_estudiante257', 'apellido_paterno257', 'apellido_materno257', 'direccion257', 138, 9),
(259, '18000258-8', 'nombre_estudiante258', 'apellido_paterno258', 'apellido_materno258', 'direccion258', 11, 9),
(260, '18000259-9', 'nombre_estudiante259', 'apellido_paterno259', 'apellido_materno259', 'direccion259', 58, 9),
(261, '18000260-0', 'nombre_estudiante260', 'apellido_paterno260', 'apellido_materno260', 'direccion260', 192, 9),
(262, '18000261-1', 'nombre_estudiante261', 'apellido_paterno261', 'apellido_materno261', 'direccion261', 265, 9),
(263, '18000262-2', 'nombre_estudiante262', 'apellido_paterno262', 'apellido_materno262', 'direccion262', 186, 9),
(264, '18000263-3', 'nombre_estudiante263', 'apellido_paterno263', 'apellido_materno263', 'direccion263', 187, 9),
(265, '18000264-4', 'nombre_estudiante264', 'apellido_paterno264', 'apellido_materno264', 'direccion264', 128, 9),
(266, '18000265-5', 'nombre_estudiante265', 'apellido_paterno265', 'apellido_materno265', 'direccion265', 129, 9),
(267, '18000266-6', 'nombre_estudiante266', 'apellido_paterno266', 'apellido_materno266', 'direccion266', 174, 9),
(268, '18000267-7', 'nombre_estudiante267', 'apellido_paterno267', 'apellido_materno267', 'direccion267', 34, 9),
(269, '18000268-8', 'nombre_estudiante268', 'apellido_paterno268', 'apellido_materno268', 'direccion268', 49, 9),
(270, '18000269-9', 'nombre_estudiante269', 'apellido_paterno269', 'apellido_materno269', 'direccion269', 206, 9),
(271, '18000270-0', 'nombre_estudiante270', 'apellido_paterno270', 'apellido_materno270', 'direccion270', 141, 10),
(272, '18000271-1', 'nombre_estudiante271', 'apellido_paterno271', 'apellido_materno271', 'direccion271', 247, 10),
(273, '18000272-2', 'nombre_estudiante272', 'apellido_paterno272', 'apellido_materno272', 'direccion272', 248, 10),
(274, '18000273-3', 'nombre_estudiante273', 'apellido_paterno273', 'apellido_materno273', 'direccion273', 100, 10),
(275, '18000274-4', 'nombre_estudiante274', 'apellido_paterno274', 'apellido_materno274', 'direccion274', 115, 10),
(276, '18000275-5', 'nombre_estudiante275', 'apellido_paterno275', 'apellido_materno275', 'direccion275', 320, 10),
(277, '18000276-6', 'nombre_estudiante276', 'apellido_paterno276', 'apellido_materno276', 'direccion276', 225, 10),
(278, '18000277-7', 'nombre_estudiante277', 'apellido_paterno277', 'apellido_materno277', 'direccion277', 141, 10),
(279, '18000278-8', 'nombre_estudiante278', 'apellido_paterno278', 'apellido_materno278', 'direccion278', 236, 10),
(280, '18000279-9', 'nombre_estudiante279', 'apellido_paterno279', 'apellido_materno279', 'direccion279', 140, 10),
(281, '18000280-0', 'nombre_estudiante280', 'apellido_paterno280', 'apellido_materno280', 'direccion280', 156, 10),
(282, '18000281-1', 'nombre_estudiante281', 'apellido_paterno281', 'apellido_materno281', 'direccion281', 277, 10),
(283, '18000282-2', 'nombre_estudiante282', 'apellido_paterno282', 'apellido_materno282', 'direccion282', 303, 10),
(284, '18000283-3', 'nombre_estudiante283', 'apellido_paterno283', 'apellido_materno283', 'direccion283', 325, 10),
(285, '18000284-4', 'nombre_estudiante284', 'apellido_paterno284', 'apellido_materno284', 'direccion284', 24, 10),
(286, '18000285-5', 'nombre_estudiante285', 'apellido_paterno285', 'apellido_materno285', 'direccion285', 71, 10),
(287, '18000286-6', 'nombre_estudiante286', 'apellido_paterno286', 'apellido_materno286', 'direccion286', 276, 10),
(288, '18000287-7', 'nombre_estudiante287', 'apellido_paterno287', 'apellido_materno287', 'direccion287', 260, 10),
(289, '18000288-8', 'nombre_estudiante288', 'apellido_paterno288', 'apellido_materno288', 'direccion288', 75, 10),
(290, '18000289-9', 'nombre_estudiante289', 'apellido_paterno289', 'apellido_materno289', 'direccion289', 97, 10),
(291, '18000290-0', 'nombre_estudiante290', 'apellido_paterno290', 'apellido_materno290', 'direccion290', 61, 10),
(292, '18000291-1', 'nombre_estudiante291', 'apellido_paterno291', 'apellido_materno291', 'direccion291', 277, 10),
(293, '18000292-2', 'nombre_estudiante292', 'apellido_paterno292', 'apellido_materno292', 'direccion292', 183, 10),
(294, '18000293-3', 'nombre_estudiante293', 'apellido_paterno293', 'apellido_materno293', 'direccion293', 224, 10),
(295, '18000294-4', 'nombre_estudiante294', 'apellido_paterno294', 'apellido_materno294', 'direccion294', 318, 10),
(296, '18000295-5', 'nombre_estudiante295', 'apellido_paterno295', 'apellido_materno295', 'direccion295', 7, 10),
(297, '18000296-6', 'nombre_estudiante296', 'apellido_paterno296', 'apellido_materno296', 'direccion296', 315, 10),
(298, '18000297-7', 'nombre_estudiante297', 'apellido_paterno297', 'apellido_materno297', 'direccion297', 93, 10),
(299, '18000298-8', 'nombre_estudiante298', 'apellido_paterno298', 'apellido_materno298', 'direccion298', 207, 10),
(300, '18000299-9', 'nombre_estudiante299', 'apellido_paterno299', 'apellido_materno299', 'direccion299', 291, 10),
(301, '18000300-0', 'nombre_estudiante300', 'apellido_paterno300', 'apellido_materno300', 'direccion300', 22, 11),
(302, '18000301-1', 'nombre_estudiante301', 'apellido_paterno301', 'apellido_materno301', 'direccion301', 214, 11),
(303, '18000302-2', 'nombre_estudiante302', 'apellido_paterno302', 'apellido_materno302', 'direccion302', 196, 11),
(304, '18000303-3', 'nombre_estudiante303', 'apellido_paterno303', 'apellido_materno303', 'direccion303', 118, 11),
(305, '18000304-4', 'nombre_estudiante304', 'apellido_paterno304', 'apellido_materno304', 'direccion304', 222, 11),
(306, '18000305-5', 'nombre_estudiante305', 'apellido_paterno305', 'apellido_materno305', 'direccion305', 209, 11),
(307, '18000306-6', 'nombre_estudiante306', 'apellido_paterno306', 'apellido_materno306', 'direccion306', 216, 11),
(308, '18000307-7', 'nombre_estudiante307', 'apellido_paterno307', 'apellido_materno307', 'direccion307', 41, 11),
(309, '18000308-8', 'nombre_estudiante308', 'apellido_paterno308', 'apellido_materno308', 'direccion308', 66, 11),
(310, '18000309-9', 'nombre_estudiante309', 'apellido_paterno309', 'apellido_materno309', 'direccion309', 179, 11),
(311, '18000310-0', 'nombre_estudiante310', 'apellido_paterno310', 'apellido_materno310', 'direccion310', 313, 11),
(312, '18000311-1', 'nombre_estudiante311', 'apellido_paterno311', 'apellido_materno311', 'direccion311', 158, 11),
(313, '18000312-2', 'nombre_estudiante312', 'apellido_paterno312', 'apellido_materno312', 'direccion312', 182, 11),
(314, '18000313-3', 'nombre_estudiante313', 'apellido_paterno313', 'apellido_materno313', 'direccion313', 340, 11),
(315, '18000314-4', 'nombre_estudiante314', 'apellido_paterno314', 'apellido_materno314', 'direccion314', 163, 11),
(316, '18000315-5', 'nombre_estudiante315', 'apellido_paterno315', 'apellido_materno315', 'direccion315', 204, 11),
(317, '18000316-6', 'nombre_estudiante316', 'apellido_paterno316', 'apellido_materno316', 'direccion316', 124, 11),
(318, '18000317-7', 'nombre_estudiante317', 'apellido_paterno317', 'apellido_materno317', 'direccion317', 314, 11),
(319, '18000318-8', 'nombre_estudiante318', 'apellido_paterno318', 'apellido_materno318', 'direccion318', 285, 11),
(320, '18000319-9', 'nombre_estudiante319', 'apellido_paterno319', 'apellido_materno319', 'direccion319', 31, 11),
(321, '18000320-0', 'nombre_estudiante320', 'apellido_paterno320', 'apellido_materno320', 'direccion320', 292, 11),
(322, '18000321-1', 'nombre_estudiante321', 'apellido_paterno321', 'apellido_materno321', 'direccion321', 95, 11),
(323, '18000322-2', 'nombre_estudiante322', 'apellido_paterno322', 'apellido_materno322', 'direccion322', 228, 11),
(324, '18000323-3', 'nombre_estudiante323', 'apellido_paterno323', 'apellido_materno323', 'direccion323', 171, 11),
(325, '18000324-4', 'nombre_estudiante324', 'apellido_paterno324', 'apellido_materno324', 'direccion324', 169, 11),
(326, '18000325-5', 'nombre_estudiante325', 'apellido_paterno325', 'apellido_materno325', 'direccion325', 74, 11),
(327, '18000326-6', 'nombre_estudiante326', 'apellido_paterno326', 'apellido_materno326', 'direccion326', 103, 11),
(328, '18000327-7', 'nombre_estudiante327', 'apellido_paterno327', 'apellido_materno327', 'direccion327', 4, 11),
(329, '18000328-8', 'nombre_estudiante328', 'apellido_paterno328', 'apellido_materno328', 'direccion328', 122, 11),
(330, '18000329-9', 'nombre_estudiante329', 'apellido_paterno329', 'apellido_materno329', 'direccion329', 124, 11),
(331, '18000330-0', 'nombre_estudiante330', 'apellido_paterno330', 'apellido_materno330', 'direccion330', 103, 12),
(332, '18000331-1', 'nombre_estudiante331', 'apellido_paterno331', 'apellido_materno331', 'direccion331', 65, 12),
(333, '18000332-2', 'nombre_estudiante332', 'apellido_paterno332', 'apellido_materno332', 'direccion332', 218, 12),
(334, '18000333-3', 'nombre_estudiante333', 'apellido_paterno333', 'apellido_materno333', 'direccion333', 14, 12),
(335, '18000334-4', 'nombre_estudiante334', 'apellido_paterno334', 'apellido_materno334', 'direccion334', 333, 12),
(336, '18000335-5', 'nombre_estudiante335', 'apellido_paterno335', 'apellido_materno335', 'direccion335', 75, 12),
(337, '18000336-6', 'nombre_estudiante336', 'apellido_paterno336', 'apellido_materno336', 'direccion336', 221, 12),
(338, '18000337-7', 'nombre_estudiante337', 'apellido_paterno337', 'apellido_materno337', 'direccion337', 255, 12),
(339, '18000338-8', 'nombre_estudiante338', 'apellido_paterno338', 'apellido_materno338', 'direccion338', 181, 12),
(340, '18000339-9', 'nombre_estudiante339', 'apellido_paterno339', 'apellido_materno339', 'direccion339', 115, 12),
(341, '18000340-0', 'nombre_estudiante340', 'apellido_paterno340', 'apellido_materno340', 'direccion340', 251, 12),
(342, '18000341-1', 'nombre_estudiante341', 'apellido_paterno341', 'apellido_materno341', 'direccion341', 12, 12),
(343, '18000342-2', 'nombre_estudiante342', 'apellido_paterno342', 'apellido_materno342', 'direccion342', 178, 12),
(344, '18000343-3', 'nombre_estudiante343', 'apellido_paterno343', 'apellido_materno343', 'direccion343', 54, 12),
(345, '18000344-4', 'nombre_estudiante344', 'apellido_paterno344', 'apellido_materno344', 'direccion344', 217, 12),
(346, '18000345-5', 'nombre_estudiante345', 'apellido_paterno345', 'apellido_materno345', 'direccion345', 98, 12),
(347, '18000346-6', 'nombre_estudiante346', 'apellido_paterno346', 'apellido_materno346', 'direccion346', 24, 12),
(348, '18000347-7', 'nombre_estudiante347', 'apellido_paterno347', 'apellido_materno347', 'direccion347', 6, 12),
(349, '18000348-8', 'nombre_estudiante348', 'apellido_paterno348', 'apellido_materno348', 'direccion348', 338, 12),
(350, '18000349-9', 'nombre_estudiante349', 'apellido_paterno349', 'apellido_materno349', 'direccion349', 55, 12),
(351, '18000350-0', 'nombre_estudiante350', 'apellido_paterno350', 'apellido_materno350', 'direccion350', 256, 12),
(352, '18000351-1', 'nombre_estudiante351', 'apellido_paterno351', 'apellido_materno351', 'direccion351', 74, 12),
(353, '18000352-2', 'nombre_estudiante352', 'apellido_paterno352', 'apellido_materno352', 'direccion352', 27, 12),
(354, '18000353-3', 'nombre_estudiante353', 'apellido_paterno353', 'apellido_materno353', 'direccion353', 339, 12),
(355, '18000354-4', 'nombre_estudiante354', 'apellido_paterno354', 'apellido_materno354', 'direccion354', 118, 12),
(356, '18000355-5', 'nombre_estudiante355', 'apellido_paterno355', 'apellido_materno355', 'direccion355', 108, 12),
(357, '18000356-6', 'nombre_estudiante356', 'apellido_paterno356', 'apellido_materno356', 'direccion356', 272, 12),
(358, '18000357-7', 'nombre_estudiante357', 'apellido_paterno357', 'apellido_materno357', 'direccion357', 194, 12),
(359, '18000358-8', 'nombre_estudiante358', 'apellido_paterno358', 'apellido_materno358', 'direccion358', 277, 12),
(360, '18000359-9', 'nombre_estudiante359', 'apellido_paterno359', 'apellido_materno359', 'direccion359', 130, 12),
(361, '18000360-0', 'nombre_estudiante360', 'apellido_paterno360', 'apellido_materno360', 'direccion360', 185, 13),
(362, '18000361-1', 'nombre_estudiante361', 'apellido_paterno361', 'apellido_materno361', 'direccion361', 79, 13),
(363, '18000362-2', 'nombre_estudiante362', 'apellido_paterno362', 'apellido_materno362', 'direccion362', 171, 13),
(364, '18000363-3', 'nombre_estudiante363', 'apellido_paterno363', 'apellido_materno363', 'direccion363', 139, 13),
(365, '18000364-4', 'nombre_estudiante364', 'apellido_paterno364', 'apellido_materno364', 'direccion364', 296, 13),
(366, '18000365-5', 'nombre_estudiante365', 'apellido_paterno365', 'apellido_materno365', 'direccion365', 322, 13),
(367, '18000366-6', 'nombre_estudiante366', 'apellido_paterno366', 'apellido_materno366', 'direccion366', 42, 13),
(368, '18000367-7', 'nombre_estudiante367', 'apellido_paterno367', 'apellido_materno367', 'direccion367', 331, 13),
(369, '18000368-8', 'nombre_estudiante368', 'apellido_paterno368', 'apellido_materno368', 'direccion368', 94, 13),
(370, '18000369-9', 'nombre_estudiante369', 'apellido_paterno369', 'apellido_materno369', 'direccion369', 99, 13),
(371, '18000370-0', 'nombre_estudiante370', 'apellido_paterno370', 'apellido_materno370', 'direccion370', 226, 13),
(372, '18000371-1', 'nombre_estudiante371', 'apellido_paterno371', 'apellido_materno371', 'direccion371', 95, 13),
(373, '18000372-2', 'nombre_estudiante372', 'apellido_paterno372', 'apellido_materno372', 'direccion372', 86, 13),
(374, '18000373-3', 'nombre_estudiante373', 'apellido_paterno373', 'apellido_materno373', 'direccion373', 83, 13),
(375, '18000374-4', 'nombre_estudiante374', 'apellido_paterno374', 'apellido_materno374', 'direccion374', 305, 13),
(376, '18000375-5', 'nombre_estudiante375', 'apellido_paterno375', 'apellido_materno375', 'direccion375', 246, 13),
(377, '18000376-6', 'nombre_estudiante376', 'apellido_paterno376', 'apellido_materno376', 'direccion376', 192, 13),
(378, '18000377-7', 'nombre_estudiante377', 'apellido_paterno377', 'apellido_materno377', 'direccion377', 95, 13),
(379, '18000378-8', 'nombre_estudiante378', 'apellido_paterno378', 'apellido_materno378', 'direccion378', 265, 13),
(380, '18000379-9', 'nombre_estudiante379', 'apellido_paterno379', 'apellido_materno379', 'direccion379', 109, 13),
(381, '18000380-0', 'nombre_estudiante380', 'apellido_paterno380', 'apellido_materno380', 'direccion380', 225, 13),
(382, '18000381-1', 'nombre_estudiante381', 'apellido_paterno381', 'apellido_materno381', 'direccion381', 257, 13),
(383, '18000382-2', 'nombre_estudiante382', 'apellido_paterno382', 'apellido_materno382', 'direccion382', 148, 13),
(384, '18000383-3', 'nombre_estudiante383', 'apellido_paterno383', 'apellido_materno383', 'direccion383', 63, 13),
(385, '18000384-4', 'nombre_estudiante384', 'apellido_paterno384', 'apellido_materno384', 'direccion384', 314, 13),
(386, '18000385-5', 'nombre_estudiante385', 'apellido_paterno385', 'apellido_materno385', 'direccion385', 191, 13),
(387, '18000386-6', 'nombre_estudiante386', 'apellido_paterno386', 'apellido_materno386', 'direccion386', 331, 13),
(388, '18000387-7', 'nombre_estudiante387', 'apellido_paterno387', 'apellido_materno387', 'direccion387', 260, 13),
(389, '18000388-8', 'nombre_estudiante388', 'apellido_paterno388', 'apellido_materno388', 'direccion388', 219, 13),
(390, '18000389-9', 'nombre_estudiante389', 'apellido_paterno389', 'apellido_materno389', 'direccion389', 12, 13),
(391, '18000390-0', 'nombre_estudiante390', 'apellido_paterno390', 'apellido_materno390', 'direccion390', 86, 14),
(392, '18000391-1', 'nombre_estudiante391', 'apellido_paterno391', 'apellido_materno391', 'direccion391', 10, 14),
(393, '18000392-2', 'nombre_estudiante392', 'apellido_paterno392', 'apellido_materno392', 'direccion392', 320, 14),
(394, '18000393-3', 'nombre_estudiante393', 'apellido_paterno393', 'apellido_materno393', 'direccion393', 339, 14),
(395, '18000394-4', 'nombre_estudiante394', 'apellido_paterno394', 'apellido_materno394', 'direccion394', 249, 14),
(396, '18000395-5', 'nombre_estudiante395', 'apellido_paterno395', 'apellido_materno395', 'direccion395', 309, 14),
(397, '18000396-6', 'nombre_estudiante396', 'apellido_paterno396', 'apellido_materno396', 'direccion396', 247, 14),
(398, '18000397-7', 'nombre_estudiante397', 'apellido_paterno397', 'apellido_materno397', 'direccion397', 268, 14),
(399, '18000398-8', 'nombre_estudiante398', 'apellido_paterno398', 'apellido_materno398', 'direccion398', 136, 14),
(400, '18000399-9', 'nombre_estudiante399', 'apellido_paterno399', 'apellido_materno399', 'direccion399', 281, 14),
(401, '18000400-0', 'nombre_estudiante400', 'apellido_paterno400', 'apellido_materno400', 'direccion400', 205, 14),
(402, '18000401-1', 'nombre_estudiante401', 'apellido_paterno401', 'apellido_materno401', 'direccion401', 192, 14),
(403, '18000402-2', 'nombre_estudiante402', 'apellido_paterno402', 'apellido_materno402', 'direccion402', 326, 14),
(404, '18000403-3', 'nombre_estudiante403', 'apellido_paterno403', 'apellido_materno403', 'direccion403', 59, 14),
(405, '18000404-4', 'nombre_estudiante404', 'apellido_paterno404', 'apellido_materno404', 'direccion404', 234, 14),
(406, '18000405-5', 'nombre_estudiante405', 'apellido_paterno405', 'apellido_materno405', 'direccion405', 31, 14),
(407, '18000406-6', 'nombre_estudiante406', 'apellido_paterno406', 'apellido_materno406', 'direccion406', 87, 14),
(408, '18000407-7', 'nombre_estudiante407', 'apellido_paterno407', 'apellido_materno407', 'direccion407', 164, 14),
(409, '18000408-8', 'nombre_estudiante408', 'apellido_paterno408', 'apellido_materno408', 'direccion408', 55, 14),
(410, '18000409-9', 'nombre_estudiante409', 'apellido_paterno409', 'apellido_materno409', 'direccion409', 99, 14),
(411, '18000410-0', 'nombre_estudiante410', 'apellido_paterno410', 'apellido_materno410', 'direccion410', 229, 14),
(412, '18000411-1', 'nombre_estudiante411', 'apellido_paterno411', 'apellido_materno411', 'direccion411', 262, 14),
(413, '18000412-2', 'nombre_estudiante412', 'apellido_paterno412', 'apellido_materno412', 'direccion412', 295, 14),
(414, '18000413-3', 'nombre_estudiante413', 'apellido_paterno413', 'apellido_materno413', 'direccion413', 167, 14),
(415, '18000414-4', 'nombre_estudiante414', 'apellido_paterno414', 'apellido_materno414', 'direccion414', 217, 14),
(416, '18000415-5', 'nombre_estudiante415', 'apellido_paterno415', 'apellido_materno415', 'direccion415', 109, 14),
(417, '18000416-6', 'nombre_estudiante416', 'apellido_paterno416', 'apellido_materno416', 'direccion416', 151, 14),
(418, '18000417-7', 'nombre_estudiante417', 'apellido_paterno417', 'apellido_materno417', 'direccion417', 97, 14),
(419, '18000418-8', 'nombre_estudiante418', 'apellido_paterno418', 'apellido_materno418', 'direccion418', 64, 14),
(420, '18000419-9', 'nombre_estudiante419', 'apellido_paterno419', 'apellido_materno419', 'direccion419', 1, 14),
(421, '18000420-0', 'nombre_estudiante420', 'apellido_paterno420', 'apellido_materno420', 'direccion420', 103, 15),
(422, '18000421-1', 'nombre_estudiante421', 'apellido_paterno421', 'apellido_materno421', 'direccion421', 137, 15),
(423, '18000422-2', 'nombre_estudiante422', 'apellido_paterno422', 'apellido_materno422', 'direccion422', 9, 15),
(424, '18000423-3', 'nombre_estudiante423', 'apellido_paterno423', 'apellido_materno423', 'direccion423', 150, 15),
(425, '18000424-4', 'nombre_estudiante424', 'apellido_paterno424', 'apellido_materno424', 'direccion424', 235, 15),
(426, '18000425-5', 'nombre_estudiante425', 'apellido_paterno425', 'apellido_materno425', 'direccion425', 136, 15),
(427, '18000426-6', 'nombre_estudiante426', 'apellido_paterno426', 'apellido_materno426', 'direccion426', 167, 15),
(428, '18000427-7', 'nombre_estudiante427', 'apellido_paterno427', 'apellido_materno427', 'direccion427', 2, 15),
(429, '18000428-8', 'nombre_estudiante428', 'apellido_paterno428', 'apellido_materno428', 'direccion428', 308, 15),
(430, '18000429-9', 'nombre_estudiante429', 'apellido_paterno429', 'apellido_materno429', 'direccion429', 121, 15),
(431, '18000430-0', 'nombre_estudiante430', 'apellido_paterno430', 'apellido_materno430', 'direccion430', 284, 15),
(432, '18000431-1', 'nombre_estudiante431', 'apellido_paterno431', 'apellido_materno431', 'direccion431', 157, 15),
(433, '18000432-2', 'nombre_estudiante432', 'apellido_paterno432', 'apellido_materno432', 'direccion432', 50, 15),
(434, '18000433-3', 'nombre_estudiante433', 'apellido_paterno433', 'apellido_materno433', 'direccion433', 184, 15),
(435, '18000434-4', 'nombre_estudiante434', 'apellido_paterno434', 'apellido_materno434', 'direccion434', 322, 15),
(436, '18000435-5', 'nombre_estudiante435', 'apellido_paterno435', 'apellido_materno435', 'direccion435', 129, 15),
(437, '18000436-6', 'nombre_estudiante436', 'apellido_paterno436', 'apellido_materno436', 'direccion436', 229, 15),
(438, '18000437-7', 'nombre_estudiante437', 'apellido_paterno437', 'apellido_materno437', 'direccion437', 323, 15),
(439, '18000438-8', 'nombre_estudiante438', 'apellido_paterno438', 'apellido_materno438', 'direccion438', 329, 15),
(440, '18000439-9', 'nombre_estudiante439', 'apellido_paterno439', 'apellido_materno439', 'direccion439', 336, 15),
(441, '18000440-0', 'nombre_estudiante440', 'apellido_paterno440', 'apellido_materno440', 'direccion440', 76, 15),
(442, '18000441-1', 'nombre_estudiante441', 'apellido_paterno441', 'apellido_materno441', 'direccion441', 55, 15),
(443, '18000442-2', 'nombre_estudiante442', 'apellido_paterno442', 'apellido_materno442', 'direccion442', 43, 15),
(444, '18000443-3', 'nombre_estudiante443', 'apellido_paterno443', 'apellido_materno443', 'direccion443', 240, 15),
(445, '18000444-4', 'nombre_estudiante444', 'apellido_paterno444', 'apellido_materno444', 'direccion444', 211, 15),
(446, '18000445-5', 'nombre_estudiante445', 'apellido_paterno445', 'apellido_materno445', 'direccion445', 141, 15),
(447, '18000446-6', 'nombre_estudiante446', 'apellido_paterno446', 'apellido_materno446', 'direccion446', 167, 15),
(448, '18000447-7', 'nombre_estudiante447', 'apellido_paterno447', 'apellido_materno447', 'direccion447', 141, 15),
(449, '18000448-8', 'nombre_estudiante448', 'apellido_paterno448', 'apellido_materno448', 'direccion448', 181, 15),
(450, '18000449-9', 'nombre_estudiante449', 'apellido_paterno449', 'apellido_materno449', 'direccion449', 83, 15),
(451, '18000450-0', 'nombre_estudiante450', 'apellido_paterno450', 'apellido_materno450', 'direccion450', 93, 16),
(452, '18000451-1', 'nombre_estudiante451', 'apellido_paterno451', 'apellido_materno451', 'direccion451', 57, 16),
(453, '18000452-2', 'nombre_estudiante452', 'apellido_paterno452', 'apellido_materno452', 'direccion452', 127, 16),
(454, '18000453-3', 'nombre_estudiante453', 'apellido_paterno453', 'apellido_materno453', 'direccion453', 190, 16),
(455, '18000454-4', 'nombre_estudiante454', 'apellido_paterno454', 'apellido_materno454', 'direccion454', 162, 16),
(456, '18000455-5', 'nombre_estudiante455', 'apellido_paterno455', 'apellido_materno455', 'direccion455', 335, 16),
(457, '18000456-6', 'nombre_estudiante456', 'apellido_paterno456', 'apellido_materno456', 'direccion456', 335, 16),
(458, '18000457-7', 'nombre_estudiante457', 'apellido_paterno457', 'apellido_materno457', 'direccion457', 301, 16),
(459, '18000458-8', 'nombre_estudiante458', 'apellido_paterno458', 'apellido_materno458', 'direccion458', 14, 16),
(460, '18000459-9', 'nombre_estudiante459', 'apellido_paterno459', 'apellido_materno459', 'direccion459', 199, 16),
(461, '18000460-0', 'nombre_estudiante460', 'apellido_paterno460', 'apellido_materno460', 'direccion460', 97, 16),
(462, '18000461-1', 'nombre_estudiante461', 'apellido_paterno461', 'apellido_materno461', 'direccion461', 246, 16),
(463, '18000462-2', 'nombre_estudiante462', 'apellido_paterno462', 'apellido_materno462', 'direccion462', 211, 16),
(464, '18000463-3', 'nombre_estudiante463', 'apellido_paterno463', 'apellido_materno463', 'direccion463', 346, 16),
(465, '18000464-4', 'nombre_estudiante464', 'apellido_paterno464', 'apellido_materno464', 'direccion464', 42, 16),
(466, '18000465-5', 'nombre_estudiante465', 'apellido_paterno465', 'apellido_materno465', 'direccion465', 343, 16),
(467, '18000466-6', 'nombre_estudiante466', 'apellido_paterno466', 'apellido_materno466', 'direccion466', 35, 16),
(468, '18000467-7', 'nombre_estudiante467', 'apellido_paterno467', 'apellido_materno467', 'direccion467', 321, 16),
(469, '18000468-8', 'nombre_estudiante468', 'apellido_paterno468', 'apellido_materno468', 'direccion468', 3, 16),
(470, '18000469-9', 'nombre_estudiante469', 'apellido_paterno469', 'apellido_materno469', 'direccion469', 164, 16),
(471, '18000470-0', 'nombre_estudiante470', 'apellido_paterno470', 'apellido_materno470', 'direccion470', 91, 16),
(472, '18000471-1', 'nombre_estudiante471', 'apellido_paterno471', 'apellido_materno471', 'direccion471', 62, 16),
(473, '18000472-2', 'nombre_estudiante472', 'apellido_paterno472', 'apellido_materno472', 'direccion472', 230, 16),
(474, '18000473-3', 'nombre_estudiante473', 'apellido_paterno473', 'apellido_materno473', 'direccion473', 235, 16),
(475, '18000474-4', 'nombre_estudiante474', 'apellido_paterno474', 'apellido_materno474', 'direccion474', 129, 16),
(476, '18000475-5', 'nombre_estudiante475', 'apellido_paterno475', 'apellido_materno475', 'direccion475', 268, 16),
(477, '18000476-6', 'nombre_estudiante476', 'apellido_paterno476', 'apellido_materno476', 'direccion476', 33, 16),
(478, '18000477-7', 'nombre_estudiante477', 'apellido_paterno477', 'apellido_materno477', 'direccion477', 276, 16),
(479, '18000478-8', 'nombre_estudiante478', 'apellido_paterno478', 'apellido_materno478', 'direccion478', 233, 16),
(480, '18000479-9', 'nombre_estudiante479', 'apellido_paterno479', 'apellido_materno479', 'direccion479', 148, 16),
(481, '18000480-0', 'nombre_estudiante480', 'apellido_paterno480', 'apellido_materno480', 'direccion480', 231, 17),
(482, '18000481-1', 'nombre_estudiante481', 'apellido_paterno481', 'apellido_materno481', 'direccion481', 307, 17),
(483, '18000482-2', 'nombre_estudiante482', 'apellido_paterno482', 'apellido_materno482', 'direccion482', 40, 17),
(484, '18000483-3', 'nombre_estudiante483', 'apellido_paterno483', 'apellido_materno483', 'direccion483', 324, 17),
(485, '18000484-4', 'nombre_estudiante484', 'apellido_paterno484', 'apellido_materno484', 'direccion484', 180, 17),
(486, '18000485-5', 'nombre_estudiante485', 'apellido_paterno485', 'apellido_materno485', 'direccion485', 232, 17),
(487, '18000486-6', 'nombre_estudiante486', 'apellido_paterno486', 'apellido_materno486', 'direccion486', 33, 17),
(488, '18000487-7', 'nombre_estudiante487', 'apellido_paterno487', 'apellido_materno487', 'direccion487', 161, 17),
(489, '18000488-8', 'nombre_estudiante488', 'apellido_paterno488', 'apellido_materno488', 'direccion488', 308, 17),
(490, '18000489-9', 'nombre_estudiante489', 'apellido_paterno489', 'apellido_materno489', 'direccion489', 165, 17),
(491, '18000490-0', 'nombre_estudiante490', 'apellido_paterno490', 'apellido_materno490', 'direccion490', 332, 17),
(492, '18000491-1', 'nombre_estudiante491', 'apellido_paterno491', 'apellido_materno491', 'direccion491', 266, 17),
(493, '18000492-2', 'nombre_estudiante492', 'apellido_paterno492', 'apellido_materno492', 'direccion492', 335, 17),
(494, '18000493-3', 'nombre_estudiante493', 'apellido_paterno493', 'apellido_materno493', 'direccion493', 251, 17),
(495, '18000494-4', 'nombre_estudiante494', 'apellido_paterno494', 'apellido_materno494', 'direccion494', 297, 17),
(496, '18000495-5', 'nombre_estudiante495', 'apellido_paterno495', 'apellido_materno495', 'direccion495', 346, 17),
(497, '18000496-6', 'nombre_estudiante496', 'apellido_paterno496', 'apellido_materno496', 'direccion496', 236, 17),
(498, '18000497-7', 'nombre_estudiante497', 'apellido_paterno497', 'apellido_materno497', 'direccion497', 49, 17),
(499, '18000498-8', 'nombre_estudiante498', 'apellido_paterno498', 'apellido_materno498', 'direccion498', 323, 17),
(500, '18000499-9', 'nombre_estudiante499', 'apellido_paterno499', 'apellido_materno499', 'direccion499', 114, 17),
(501, '18000500-0', 'nombre_estudiante500', 'apellido_paterno500', 'apellido_materno500', 'direccion500', 173, 17),
(502, '18000501-1', 'nombre_estudiante501', 'apellido_paterno501', 'apellido_materno501', 'direccion501', 230, 17),
(503, '18000502-2', 'nombre_estudiante502', 'apellido_paterno502', 'apellido_materno502', 'direccion502', 305, 17),
(504, '18000503-3', 'nombre_estudiante503', 'apellido_paterno503', 'apellido_materno503', 'direccion503', 85, 17),
(505, '18000504-4', 'nombre_estudiante504', 'apellido_paterno504', 'apellido_materno504', 'direccion504', 18, 17),
(506, '18000505-5', 'nombre_estudiante505', 'apellido_paterno505', 'apellido_materno505', 'direccion505', 100, 17),
(507, '18000506-6', 'nombre_estudiante506', 'apellido_paterno506', 'apellido_materno506', 'direccion506', 110, 17),
(508, '18000507-7', 'nombre_estudiante507', 'apellido_paterno507', 'apellido_materno507', 'direccion507', 95, 17),
(509, '18000508-8', 'nombre_estudiante508', 'apellido_paterno508', 'apellido_materno508', 'direccion508', 325, 17),
(510, '18000509-9', 'nombre_estudiante509', 'apellido_paterno509', 'apellido_materno509', 'direccion509', 113, 17),
(511, '18000510-0', 'nombre_estudiante510', 'apellido_paterno510', 'apellido_materno510', 'direccion510', 216, 18),
(512, '18000511-1', 'nombre_estudiante511', 'apellido_paterno511', 'apellido_materno511', 'direccion511', 335, 18),
(513, '18000512-2', 'nombre_estudiante512', 'apellido_paterno512', 'apellido_materno512', 'direccion512', 264, 18),
(514, '18000513-3', 'nombre_estudiante513', 'apellido_paterno513', 'apellido_materno513', 'direccion513', 44, 18),
(515, '18000514-4', 'nombre_estudiante514', 'apellido_paterno514', 'apellido_materno514', 'direccion514', 102, 18),
(516, '18000515-5', 'nombre_estudiante515', 'apellido_paterno515', 'apellido_materno515', 'direccion515', 162, 18),
(517, '18000516-6', 'nombre_estudiante516', 'apellido_paterno516', 'apellido_materno516', 'direccion516', 84, 18),
(518, '18000517-7', 'nombre_estudiante517', 'apellido_paterno517', 'apellido_materno517', 'direccion517', 141, 18),
(519, '18000518-8', 'nombre_estudiante518', 'apellido_paterno518', 'apellido_materno518', 'direccion518', 308, 18),
(520, '18000519-9', 'nombre_estudiante519', 'apellido_paterno519', 'apellido_materno519', 'direccion519', 232, 18),
(521, '18000520-0', 'nombre_estudiante520', 'apellido_paterno520', 'apellido_materno520', 'direccion520', 137, 18),
(522, '18000521-1', 'nombre_estudiante521', 'apellido_paterno521', 'apellido_materno521', 'direccion521', 232, 18),
(523, '18000522-2', 'nombre_estudiante522', 'apellido_paterno522', 'apellido_materno522', 'direccion522', 269, 18),
(524, '18000523-3', 'nombre_estudiante523', 'apellido_paterno523', 'apellido_materno523', 'direccion523', 278, 18),
(525, '18000524-4', 'nombre_estudiante524', 'apellido_paterno524', 'apellido_materno524', 'direccion524', 68, 18),
(526, '18000525-5', 'nombre_estudiante525', 'apellido_paterno525', 'apellido_materno525', 'direccion525', 346, 18),
(527, '18000526-6', 'nombre_estudiante526', 'apellido_paterno526', 'apellido_materno526', 'direccion526', 335, 18),
(528, '18000527-7', 'nombre_estudiante527', 'apellido_paterno527', 'apellido_materno527', 'direccion527', 159, 18),
(529, '18000528-8', 'nombre_estudiante528', 'apellido_paterno528', 'apellido_materno528', 'direccion528', 1, 18),
(530, '18000529-9', 'nombre_estudiante529', 'apellido_paterno529', 'apellido_materno529', 'direccion529', 315, 18),
(531, '18000530-0', 'nombre_estudiante530', 'apellido_paterno530', 'apellido_materno530', 'direccion530', 333, 18),
(532, '18000531-1', 'nombre_estudiante531', 'apellido_paterno531', 'apellido_materno531', 'direccion531', 85, 18),
(533, '18000532-2', 'nombre_estudiante532', 'apellido_paterno532', 'apellido_materno532', 'direccion532', 276, 18),
(534, '18000533-3', 'nombre_estudiante533', 'apellido_paterno533', 'apellido_materno533', 'direccion533', 151, 18),
(535, '18000534-4', 'nombre_estudiante534', 'apellido_paterno534', 'apellido_materno534', 'direccion534', 7, 18),
(536, '18000535-5', 'nombre_estudiante535', 'apellido_paterno535', 'apellido_materno535', 'direccion535', 139, 18),
(537, '18000536-6', 'nombre_estudiante536', 'apellido_paterno536', 'apellido_materno536', 'direccion536', 223, 18),
(538, '18000537-7', 'nombre_estudiante537', 'apellido_paterno537', 'apellido_materno537', 'direccion537', 222, 18),
(539, '18000538-8', 'nombre_estudiante538', 'apellido_paterno538', 'apellido_materno538', 'direccion538', 69, 18),
(540, '18000539-9', 'nombre_estudiante539', 'apellido_paterno539', 'apellido_materno539', 'direccion539', 31, 18),
(541, '18000540-0', 'nombre_estudiante540', 'apellido_paterno540', 'apellido_materno540', 'direccion540', 221, 19),
(542, '18000541-1', 'nombre_estudiante541', 'apellido_paterno541', 'apellido_materno541', 'direccion541', 311, 19),
(543, '18000542-2', 'nombre_estudiante542', 'apellido_paterno542', 'apellido_materno542', 'direccion542', 131, 19),
(544, '18000543-3', 'nombre_estudiante543', 'apellido_paterno543', 'apellido_materno543', 'direccion543', 276, 19),
(545, '18000544-4', 'nombre_estudiante544', 'apellido_paterno544', 'apellido_materno544', 'direccion544', 82, 19),
(546, '18000545-5', 'nombre_estudiante545', 'apellido_paterno545', 'apellido_materno545', 'direccion545', 294, 19),
(547, '18000546-6', 'nombre_estudiante546', 'apellido_paterno546', 'apellido_materno546', 'direccion546', 310, 19),
(548, '18000547-7', 'nombre_estudiante547', 'apellido_paterno547', 'apellido_materno547', 'direccion547', 55, 19),
(549, '18000548-8', 'nombre_estudiante548', 'apellido_paterno548', 'apellido_materno548', 'direccion548', 117, 19),
(550, '18000549-9', 'nombre_estudiante549', 'apellido_paterno549', 'apellido_materno549', 'direccion549', 297, 19),
(551, '18000550-0', 'nombre_estudiante550', 'apellido_paterno550', 'apellido_materno550', 'direccion550', 304, 19),
(552, '18000551-1', 'nombre_estudiante551', 'apellido_paterno551', 'apellido_materno551', 'direccion551', 44, 19),
(553, '18000552-2', 'nombre_estudiante552', 'apellido_paterno552', 'apellido_materno552', 'direccion552', 294, 19),
(554, '18000553-3', 'nombre_estudiante553', 'apellido_paterno553', 'apellido_materno553', 'direccion553', 332, 19),
(555, '18000554-4', 'nombre_estudiante554', 'apellido_paterno554', 'apellido_materno554', 'direccion554', 18, 19),
(556, '18000555-5', 'nombre_estudiante555', 'apellido_paterno555', 'apellido_materno555', 'direccion555', 3, 19),
(557, '18000556-6', 'nombre_estudiante556', 'apellido_paterno556', 'apellido_materno556', 'direccion556', 37, 19),
(558, '18000557-7', 'nombre_estudiante557', 'apellido_paterno557', 'apellido_materno557', 'direccion557', 119, 19),
(559, '18000558-8', 'nombre_estudiante558', 'apellido_paterno558', 'apellido_materno558', 'direccion558', 188, 19),
(560, '18000559-9', 'nombre_estudiante559', 'apellido_paterno559', 'apellido_materno559', 'direccion559', 200, 19),
(561, '18000560-0', 'nombre_estudiante560', 'apellido_paterno560', 'apellido_materno560', 'direccion560', 252, 19),
(562, '18000561-1', 'nombre_estudiante561', 'apellido_paterno561', 'apellido_materno561', 'direccion561', 199, 19),
(563, '18000562-2', 'nombre_estudiante562', 'apellido_paterno562', 'apellido_materno562', 'direccion562', 229, 19),
(564, '18000563-3', 'nombre_estudiante563', 'apellido_paterno563', 'apellido_materno563', 'direccion563', 153, 19),
(565, '18000564-4', 'nombre_estudiante564', 'apellido_paterno564', 'apellido_materno564', 'direccion564', 191, 19),
(566, '18000565-5', 'nombre_estudiante565', 'apellido_paterno565', 'apellido_materno565', 'direccion565', 272, 19),
(567, '18000566-6', 'nombre_estudiante566', 'apellido_paterno566', 'apellido_materno566', 'direccion566', 150, 19),
(568, '18000567-7', 'nombre_estudiante567', 'apellido_paterno567', 'apellido_materno567', 'direccion567', 106, 19),
(569, '18000568-8', 'nombre_estudiante568', 'apellido_paterno568', 'apellido_materno568', 'direccion568', 94, 19),
(570, '18000569-9', 'nombre_estudiante569', 'apellido_paterno569', 'apellido_materno569', 'direccion569', 73, 19),
(571, '18000570-0', 'nombre_estudiante570', 'apellido_paterno570', 'apellido_materno570', 'direccion570', 344, 20),
(572, '18000571-1', 'nombre_estudiante571', 'apellido_paterno571', 'apellido_materno571', 'direccion571', 62, 20),
(573, '18000572-2', 'nombre_estudiante572', 'apellido_paterno572', 'apellido_materno572', 'direccion572', 345, 20),
(574, '18000573-3', 'nombre_estudiante573', 'apellido_paterno573', 'apellido_materno573', 'direccion573', 237, 20),
(575, '18000574-4', 'nombre_estudiante574', 'apellido_paterno574', 'apellido_materno574', 'direccion574', 233, 20),
(576, '18000575-5', 'nombre_estudiante575', 'apellido_paterno575', 'apellido_materno575', 'direccion575', 156, 20),
(577, '18000576-6', 'nombre_estudiante576', 'apellido_paterno576', 'apellido_materno576', 'direccion576', 325, 20),
(578, '18000577-7', 'nombre_estudiante577', 'apellido_paterno577', 'apellido_materno577', 'direccion577', 316, 20),
(579, '18000578-8', 'nombre_estudiante578', 'apellido_paterno578', 'apellido_materno578', 'direccion578', 146, 20),
(580, '18000579-9', 'nombre_estudiante579', 'apellido_paterno579', 'apellido_materno579', 'direccion579', 68, 20),
(581, '18000580-0', 'nombre_estudiante580', 'apellido_paterno580', 'apellido_materno580', 'direccion580', 164, 20),
(582, '18000581-1', 'nombre_estudiante581', 'apellido_paterno581', 'apellido_materno581', 'direccion581', 329, 20),
(583, '18000582-2', 'nombre_estudiante582', 'apellido_paterno582', 'apellido_materno582', 'direccion582', 219, 20),
(584, '18000583-3', 'nombre_estudiante583', 'apellido_paterno583', 'apellido_materno583', 'direccion583', 276, 20),
(585, '18000584-4', 'nombre_estudiante584', 'apellido_paterno584', 'apellido_materno584', 'direccion584', 64, 20),
(586, '18000585-5', 'nombre_estudiante585', 'apellido_paterno585', 'apellido_materno585', 'direccion585', 126, 20),
(587, '18000586-6', 'nombre_estudiante586', 'apellido_paterno586', 'apellido_materno586', 'direccion586', 183, 20),
(588, '18000587-7', 'nombre_estudiante587', 'apellido_paterno587', 'apellido_materno587', 'direccion587', 57, 20),
(589, '18000588-8', 'nombre_estudiante588', 'apellido_paterno588', 'apellido_materno588', 'direccion588', 334, 20),
(590, '18000589-9', 'nombre_estudiante589', 'apellido_paterno589', 'apellido_materno589', 'direccion589', 279, 20),
(591, '18000590-0', 'nombre_estudiante590', 'apellido_paterno590', 'apellido_materno590', 'direccion590', 201, 20),
(592, '18000591-1', 'nombre_estudiante591', 'apellido_paterno591', 'apellido_materno591', 'direccion591', 309, 20),
(593, '18000592-2', 'nombre_estudiante592', 'apellido_paterno592', 'apellido_materno592', 'direccion592', 208, 20),
(594, '18000593-3', 'nombre_estudiante593', 'apellido_paterno593', 'apellido_materno593', 'direccion593', 67, 20),
(595, '18000594-4', 'nombre_estudiante594', 'apellido_paterno594', 'apellido_materno594', 'direccion594', 179, 20),
(596, '18000595-5', 'nombre_estudiante595', 'apellido_paterno595', 'apellido_materno595', 'direccion595', 61, 20),
(597, '18000596-6', 'nombre_estudiante596', 'apellido_paterno596', 'apellido_materno596', 'direccion596', 224, 20),
(598, '18000597-7', 'nombre_estudiante597', 'apellido_paterno597', 'apellido_materno597', 'direccion597', 12, 20),
(599, '18000598-8', 'nombre_estudiante598', 'apellido_paterno598', 'apellido_materno598', 'direccion598', 122, 20),
(600, '18000599-9', 'nombre_estudiante599', 'apellido_paterno599', 'apellido_materno599', 'direccion599', 158, 20),
(601, '18000600-0', 'nombre_estudiante600', 'apellido_paterno600', 'apellido_materno600', 'direccion600', 51, 21),
(602, '18000601-1', 'nombre_estudiante601', 'apellido_paterno601', 'apellido_materno601', 'direccion601', 80, 21),
(603, '18000602-2', 'nombre_estudiante602', 'apellido_paterno602', 'apellido_materno602', 'direccion602', 217, 21),
(604, '18000603-3', 'nombre_estudiante603', 'apellido_paterno603', 'apellido_materno603', 'direccion603', 299, 21),
(605, '18000604-4', 'nombre_estudiante604', 'apellido_paterno604', 'apellido_materno604', 'direccion604', 342, 21),
(606, '18000605-5', 'nombre_estudiante605', 'apellido_paterno605', 'apellido_materno605', 'direccion605', 310, 21),
(607, '18000606-6', 'nombre_estudiante606', 'apellido_paterno606', 'apellido_materno606', 'direccion606', 10, 21),
(608, '18000607-7', 'nombre_estudiante607', 'apellido_paterno607', 'apellido_materno607', 'direccion607', 276, 21),
(609, '18000608-8', 'nombre_estudiante608', 'apellido_paterno608', 'apellido_materno608', 'direccion608', 189, 21),
(610, '18000609-9', 'nombre_estudiante609', 'apellido_paterno609', 'apellido_materno609', 'direccion609', 238, 21),
(611, '18000610-0', 'nombre_estudiante610', 'apellido_paterno610', 'apellido_materno610', 'direccion610', 336, 21),
(612, '18000611-1', 'nombre_estudiante611', 'apellido_paterno611', 'apellido_materno611', 'direccion611', 322, 21),
(613, '18000612-2', 'nombre_estudiante612', 'apellido_paterno612', 'apellido_materno612', 'direccion612', 76, 21),
(614, '18000613-3', 'nombre_estudiante613', 'apellido_paterno613', 'apellido_materno613', 'direccion613', 95, 21),
(615, '18000614-4', 'nombre_estudiante614', 'apellido_paterno614', 'apellido_materno614', 'direccion614', 58, 21),
(616, '18000615-5', 'nombre_estudiante615', 'apellido_paterno615', 'apellido_materno615', 'direccion615', 61, 21),
(617, '18000616-6', 'nombre_estudiante616', 'apellido_paterno616', 'apellido_materno616', 'direccion616', 205, 21),
(618, '18000617-7', 'nombre_estudiante617', 'apellido_paterno617', 'apellido_materno617', 'direccion617', 36, 21),
(619, '18000618-8', 'nombre_estudiante618', 'apellido_paterno618', 'apellido_materno618', 'direccion618', 152, 21),
(620, '18000619-9', 'nombre_estudiante619', 'apellido_paterno619', 'apellido_materno619', 'direccion619', 220, 21),
(621, '18000620-0', 'nombre_estudiante620', 'apellido_paterno620', 'apellido_materno620', 'direccion620', 46, 21),
(622, '18000621-1', 'nombre_estudiante621', 'apellido_paterno621', 'apellido_materno621', 'direccion621', 217, 21),
(623, '18000622-2', 'nombre_estudiante622', 'apellido_paterno622', 'apellido_materno622', 'direccion622', 276, 21),
(624, '18000623-3', 'nombre_estudiante623', 'apellido_paterno623', 'apellido_materno623', 'direccion623', 322, 21),
(625, '18000624-4', 'nombre_estudiante624', 'apellido_paterno624', 'apellido_materno624', 'direccion624', 176, 21),
(626, '18000625-5', 'nombre_estudiante625', 'apellido_paterno625', 'apellido_materno625', 'direccion625', 112, 21),
(627, '18000626-6', 'nombre_estudiante626', 'apellido_paterno626', 'apellido_materno626', 'direccion626', 301, 21),
(628, '18000627-7', 'nombre_estudiante627', 'apellido_paterno627', 'apellido_materno627', 'direccion627', 149, 21),
(629, '18000628-8', 'nombre_estudiante628', 'apellido_paterno628', 'apellido_materno628', 'direccion628', 325, 21),
(630, '18000629-9', 'nombre_estudiante629', 'apellido_paterno629', 'apellido_materno629', 'direccion629', 246, 21);




